Target,Candidate,Correlation_All,High_Vol_Count,Correlation_High_Vol,Distance
BYND,BYLD,0.06689130469400531,20,0.029801664836324567,1
BYND,BLND,0.08053012982674373,20,0.23389678102411157,1
BYND,BYD,0.08258579978445767,20,-0.016299433208283587,1
BYND,BAND,0.12323019708492622,20,0.45477912966289025,1
BYND,BND,0.015022175195195508,20,-0.07895398773687536,1
BYND,MYND,-0.008268731903248892,20,-0.10926351836405046,1
BYND,BOND,0.030152772217007594,20,0.011246165678215079,1
TSLL,TSLO,0.8997826627039239,2,1.0,1
TSLL,TSEL,0.6379557513212807,13,0.6079466397410902,1
TSLL,TSOL,-0.5301027753379204,0,,1
TSLL,TSLI,0.9996777597792488,0,,1
TSLL,TOLL,0.5559603301906157,13,0.11002339305920042,1
TSLL,TBLL,-0.15979779565936228,13,-0.17987112031054317,1
TSLL,TSLX,0.3232990324332141,13,-0.20249990087248465,1
TSLL,TSLS,-0.9994321112632677,13,-0.9999100748497387,1
TSLL,TSLQ,-0.9998366704297795,13,-0.999952373355908,1
TSLL,TSLY,0.9824083149496964,13,0.9933269452368957,1
TSLL,TILL,0.05699183746131275,13,-0.3330839801626562,1
TSLL,TSLP,0.9769186333236153,13,0.9701481399800428,1
TSLL,TSLA,0.9998625099900111,13,0.9999427771673409,1
TSLL,TSL,0.9996400803696542,13,0.9994643063426842,1
TSLL,TSLT,0.9995268484964208,13,0.998548771404706,1
TSLL,TSLG,0.9998023108040968,13,0.9997997103805479,1
TSLL,TSLW,0.9971483153609598,7,0.9983567732266079,1
TSLL,TSLR,0.9998773459596255,13,0.9999807369156589,1
TSLL,TSLZ,-0.9989175919137914,13,-0.9997878117487699,1
ONDS,BNDS,0.23032474941485107,17,-0.16578033474862516,1
ONDS,INDS,0.17677187623144056,16,0.061445065358568716,1
ONDS,OND,0.3696216781874585,17,0.2572960018873408,1
ONDS,ODDS,0.31148002028943395,17,0.10709152186753314,1
MWG,TWG,0.024458740646966837,16,0.18847961229276047,1
MWG,EWG,0.008806400689664715,16,0.3569451536225612,1
MWG,BWG,0.06409509268990772,16,0.4411584719753631,1
MWG,MFG,0.03062374968031149,16,0.18384018182168804,1
MWG,NWG,0.10771665702792138,16,0.3707591188919137,1
MWG,MIG,-0.02813791856807493,16,0.49156203909931,1
MWG,WMG,-0.014641759317929768,16,0.11092205591954839,1
MWG,MG,-0.046259815756778934,16,0.1555036172276992,1
MWG,MTG,0.04864781137690941,16,0.25875711934627704,1
MWG,MEG,-0.011547856536264136,16,-0.2432415469664271,1
MWG,MPG,-0.02483156703829421,3,0.645861505441305,1
MWG,MWA,-0.012233466861649783,16,-0.11705482860192708,1
WOK,TOK,0.0701177948153268,19,-0.13662665676449193,1
WOK,WK,-0.008587889742556762,19,0.08300911369982587,1
WOK,ROK,0.008586976907705714,19,-0.4487771950350918,1
WOK,WLK,-0.029993202779074458,19,-0.23054932909361897,1
WOK,NOK,-0.03408323574043179,19,0.2801407630342333,1
WOK,WMK,-0.04311643825851463,19,-0.2380667491801033,1
WOK,WOR,0.08460293077624474,19,0.29060374222078283,1
WOK,WOW,0.023116339835329333,19,-0.0003626101466367515,1
WOK,AOK,0.03695386330658318,19,-0.22394075389229398,1
ASST,AUST,-0.0855868996537616,12,-0.2760298443137084,1
ASST,GSST,-0.05372827120977438,12,-0.2394895833025172,1
ASST,RSST,0.006117782138950197,12,0.008793154896896164,1
ASST,AQST,0.03856340014452603,12,0.31008673964061206,1
ASST,SST,0.15088193786492285,12,0.5273239071757053,1
ASST,ASTS,0.04913515058783082,12,0.011009142206194299,1
ASST,ASRT,0.0783829847817006,12,0.3911533463688046,1
ASST,MSST,0.6448558626579407,0,,1
ASST,AMST,0.08722177403149457,12,0.11327663191244403,1
AAL,UAL,0.8583450474921769,13,0.9632267407721284,1
AAL,CAL,0.5186619975268572,13,0.8885181494787937,1
AAL,GAL,0.54244630441998,13,0.8044467141125459,1
AAL,AVAL,0.17341632989251782,13,0.45463044476422565,1
AAL,TAL,0.03882760577142705,13,0.005451753616796225,1
AAL,AALG,0.997197221743461,4,0.9999467273890115,1
AAL,HAL,0.33410017434788736,13,0.6616430551041365,1
AAL,AAA,0.03655360963804359,13,0.20778742155497745,1
AAL,AAM,-0.03222536975360809,13,-0.25312188923919926,1
AAL,WAL,0.5616396253192916,13,0.8007441225106808,1
AAL,RAL,0.2927190807188846,4,-0.5474028051065225,1
AAL,AAP,0.1813922233078184,13,0.5001233564477068,1
AAL,AHL,-0.030950399183022684,6,-0.31083010011018497,1
AAL,AL,0.509489286711318,13,0.8284954211353169,1
AAL,ANL,0.06568941877996481,13,0.023215782316030834,1
AAL,ALL,0.12755479798997266,13,0.39769524564771663,1
AAL,AXL,0.4458368662739244,13,0.8391145928707392,1
AAL,AGL,0.020642811496857632,13,-0.2930473625821384,1
AAL,AMAL,0.5143844334951205,13,0.5670669223358754,1
AAL,AAPL,0.4619383809145764,13,0.7945542866117874,1
AAL,AVL,0.34956653370649493,13,0.6239071359203756,1
AAL,VAL,0.36162178230671516,13,0.5229582042720899,1
AAL,DAL,0.8590707561325912,13,0.9811149377011177,1
AAL,AA,0.5010729427362007,13,0.7778519150232895,1
AAL,ARL,0.17316160425099408,13,0.4703482771094562,1
AAL,PAL,0.32144303446066036,13,0.6854303954190576,1
AAL,AFL,0.22396019836312675,13,0.6086913932204291,1
AAL,AAT,0.410586448003342,13,0.8351653101657273,1
AAL,ABL,0.28168375065711054,13,0.4768083828414033,1
BMNR,BMN,-0.020385559472954215,6,0.1470448246517967,1
BMNR,BMAR,0.12548637311799257,6,0.6273047322315258,1
BMNR,BNR,0.022265828971845803,6,-0.5452403562600393,1
BMNR,BMR,0.10390043697735574,6,0.7331916526784267,1
BMNR,BANR,0.04404503982044652,6,0.5047204577975248,1
BMNR,BMRN,0.008145870871405208,6,-0.24005471765686912,1
BMNR,BMNU,0.9971126551091564,2,1.0,1
BMNR,BMNZ,-0.7124230269785682,0,,1
BMNR,BMNG,0.9994258255692117,1,,1
BMNR,LMNR,-0.026685723770342038,6,0.36984115321176947,1
BMNR,MNR,0.003772223099690327,6,-0.11467416631831354,1
TRIB,TRI,-0.016225395586610753,13,-0.21634645423032683,1
TRIB,TRIN,0.09454099145512541,13,-0.018618400935521816,1
TRIB,TRIL,0.27208423472323984,4,0.8634044229023038,1
TRIB,TRIO,-0.08974244792925488,12,-0.27927871397716175,1
TRIB,TRIP,0.08890661179481571,13,-0.08618569981752257,1
TRIB,TRMB,0.03334359455634077,13,-0.21980079302854463,1
NFLX,NFLP,0.9850297603358004,14,0.9953718746328262,1
NFLX,XFLX,0.42778661732165035,14,0.31626503758886093,1
NFLX,NFLT,0.16481794394247432,14,0.15276321468448778,1
NFLX,NFLW,0.9975970280977376,8,0.9994299890973133,1
NFLX,FLX,-0.05791489719282456,14,0.22744897855346555,1
NFLX,NFLU,0.9965694779543091,14,0.9986665514664331,1
NFLX,NFXL,0.9988392398266168,14,0.9994304307014316,1
NFLX,OFLX,0.012526407830813548,14,-0.1884260087010069,1
NFLX,NFLY,0.9486805495703614,14,0.989640709443989,1
NFLX,MFLX,-0.06054691914533743,14,-0.0687107675171007,1
NFLX,JFLX,0.052824784503178894,2,-1.0,1
CGC,CGCB,0.027529964285974578,17,-0.21616592610806978,1
CGC,CAC,0.22622855805414305,17,0.23193383875658447,1
CGC,CCG,-0.008362819070993352,17,-0.30891966699102236,1
CGC,CGV,0.22764336665615736,17,0.08232658498566486,1
CGC,PGC,0.22927245485010722,17,0.14376238385204096,1
CGC,CG,0.1840460707643841,17,-0.12191028105905814,1
CGC,CGIC,0.18328550693788898,17,-0.18474637652620252,1
CGC,IGC,0.2340927600070515,17,0.3031530136987952,1
CGC,CGCV,0.20811973796085798,17,-0.2058342586206878,1
CGC,CMC,0.20988067011193767,17,-0.01333618644509539,1
CGC,GCC,0.11973017178695189,17,-0.09041688154419515,1
CGC,CRC,0.16334873986342352,17,-0.06805120823907247,1
CGC,CGCP,0.08244752146984194,17,-0.21000153063938587,1
CGC,CCC,0.2568503605551973,17,0.34557113047687915,1
CGC,SGC,0.14276896208489764,17,0.05810952372744355,1
CGC,CDC,0.17097572267223302,17,0.06389257971172614,1
CGC,CNC,-0.022525721103169655,17,0.18847088317037555,1
CGC,CBC,-0.32639829732898423,0,,1
CGC,CGW,0.1722704109931109,17,0.03125048160713149,1
CGC,KGC,0.012153521807395736,17,0.08467508100751184,1
CGC,CGO,0.20011889603667277,17,-0.07911456087592499,1
CGC,CGCT,-0.14119458095323226,8,-0.6596868881436933,1
CGC,MGC,0.24330058274835242,17,-0.2032410483162843,1
CGC,BGC,0.16986243223221542,17,0.1167021580910658,1
CGC,RGC,-0.004965960395319147,17,-0.34615344200495446,1
CGC,CC,0.23242137522546555,17,-0.27855403565683845,1
PLTR,PLMR,0.1703804511528241,18,0.14079106836301564,1
PLTR,PLTD,-0.9996251271948366,18,-0.9999123892903914,1
PLTR,PLTY,0.9838188782479074,18,0.9878648256223425,1
PLTR,PLUR,0.09990624712975604,18,0.04395838423919093,1
PLTR,KLTR,0.3097231518685349,18,0.6231548528398954,1
PLTR,PLTU,0.9997753146232138,18,0.9999084701814988,1
PLTR,PLDR,0.4826067805515113,18,0.4319968825021368,1
PLTR,PMTR,0.27701126225080325,9,0.41826082641351225,1
PLTR,PLTA,0.9987901273119003,3,0.9999968604154775,1
PLTR,FLTR,0.3481198081323442,18,0.450503409475159,1
PLTR,DLTR,0.1038937687748299,18,0.42532564956663127,1
PLTR,PLTM,0.06581715001500196,18,0.1992261827243795,1
PLTR,PLTI,0.9855192210344852,1,,1
PLTR,PLTS,-0.09218337731092596,3,,1
PLTR,PLT,0.9929287350644247,5,0.9947688361241586,1
PLTR,PLTZ,-0.9995399966161651,9,-0.9999509206279897,1
PLTR,PLTW,0.9921577755399508,15,0.998519275608487,1
PLTR,PLTG,0.9989902882279281,11,0.9997627765835269,1
PLTR,PLTK,0.14599641215337475,18,0.4682826093913683,1
PLTR,GLTR,0.06707096656974709,18,0.4414946076594899,1
PLTR,PSTR,0.5514558033421867,18,0.5472132588564035,1
CMCSA,CMSA,0.1982482725105094,15,0.0022154067243043748,1
CMCSA,CMCSV,0.7969671008711575,0,,1
BAC,CAC,0.5626203329416628,14,0.8090246941930186,1
BAC,BRC,0.38675468152777803,14,0.6255421826738075,1
BAC,BAX,0.28173283148776107,14,0.6635146303040597,1
BAC,DAC,0.3998315113916985,14,0.7282798783110473,1
BAC,BAP,0.3820019876262949,14,0.5172101398460384,1
BAC,BA,0.49672059106062433,14,0.8743011718544738,1
BAC,BOC,0.24511566743458937,14,0.5521920355626259,1
BAC,BBC,0.4209927632859282,14,0.6469570067768817,1
BAC,BAH,0.0918829704616097,14,-0.04646806017879473,1
BAC,SBAC,0.0325887021168081,14,-0.12026445715584606,1
BAC,IAC,0.4154239190062723,14,0.6441714539213237,1
BAC,RAC,0.18447757766557796,7,0.4842862072045021,1
BAC,BAB,0.007219502087305938,14,-0.2132035482668135,1
BAC,BAM,0.6150039553616929,14,0.856807013143766,1
BAC,BAK,0.22289881735439895,14,0.2375993946270007,1
BAC,NAC,0.14150070849593208,14,0.0919535241599061,1
BAC,BSAC,0.28892485915092414,14,0.46365092497357147,1
BAC,BANC,0.6266835582496083,14,0.7990981681768373,1
BAC,BAR,-0.05585693969840619,14,0.34924031417151014,1
BAC,BXC,0.37560618328274187,14,0.5380948347359804,1
BAC,BVC,0.03847977809672476,14,-0.017519918052838278,1
BAC,BHC,0.2747451939155129,14,0.7174673146388839,1
BAC,BNC,-0.0027061412134636443,14,0.015092994576669091,1
BAC,BTC,0.2177120673827917,14,0.27589955761793533,1
BAC,BAI,0.49889531106700336,14,0.772768243810797,1
BAC,BFC,0.4332200799216463,14,0.7402899471072243,1
BAC,PAC,0.2259380569619879,14,0.40732118019307895,1
BAC,MAC,0.5569288768814529,14,0.7573048549077861,1
BAC,BC,0.5484437459150378,14,0.7433446618264287,1
BAC,BDC,0.6375327233251349,14,0.8578026876817856,1
BAC,LAC,0.1125006015628989,14,0.41544056028650844,1
BAC,BCC,0.40641351703675854,14,0.6363327793053167,1
BAC,VAC,0.4231097194067944,14,0.6957072859145621,1
BAC,TAC,0.28008951444917374,14,0.7967299634206112,1
BAC,IBAC,0.1199923623107488,14,0.1888281680039929,1
BAC,BACQ,0.06808338066622299,14,0.21123570807068068,1
BAC,BACC,-0.017890642826702628,3,-0.4163507387499029,1
BAC,BGC,0.5398421468294482,14,0.7622661840975467,1
ORCL,ORCU,0.9955056333508436,0,,1
ORCL,CRCL,0.09692435763801399,9,-0.38029360115860117,1
ORCL,ORCX,0.9985778121200063,15,0.999234338752802,1
ORCL,RCL,0.22680015222385475,17,-0.2827180402108583,1
ORCL,OMCL,0.11032520301779683,17,-0.3068408866793345,1
ORCL,ORCS,-0.988604047945847,0,,1
ORCL,ORC,0.1862862344048486,17,0.028906230779308557,1
GRAB,GRAL,0.11351933955014479,15,-0.3428108206985104,1
GRAB,GRAN,0.057747754579506504,7,-0.03218233439809849,1
GRAB,GRAG,0.9909243739749872,0,,1
GRAB,GAB,0.42232035138454166,15,0.43767280871892256,1
GRAB,GRABW,0.5568775683444477,15,0.6741570234870938,1
GRAB,GMAB,0.16333447382076,15,0.2740405042639012,1
GRAB,GRNB,0.1062040705555067,15,-0.14905250002140688,1
GRAB,GBAB,0.20854199884670968,15,0.40913130566586314,1
GRAB,GRAF,-0.03415489709876098,15,0.031279352884648705,1
NIO,NIU,0.2525627040988861,21,0.14460698392238902,1
NIO,NITO,0.07955257818326483,21,0.21533878585460162,1
NIO,NIC,0.11088527299196974,21,-0.11866871966630047,1
NIO,KIO,0.15225839366925348,21,-0.26473258799987615,1
NIO,HIO,0.20181335562039704,21,-0.1663946202319464,1
NIO,BIO,0.21626887889250943,21,0.33233454893766534,1
NIO,NIM,0.1309731482102997,21,-0.04122920935268786,1
NIO,NRO,0.16255311633712372,21,-0.05856244852650577,1
NIO,NPO,0.17242673131497735,21,-0.1368632210850401,1
NIO,NIQ,0.026237674883840097,6,-0.039137261966255735,1
NIO,INO,0.13570955173762334,21,0.10728141242359664,1
NIO,NIOG,0.997037850872226,0,,1
NIO,AIO,0.20858049378842058,21,-0.10266259487142952,1
NIO,NVO,0.1500440455846945,21,-0.07415090331095464,1
NIO,NI,0.07889089741384504,21,0.19285885967756666,1
NIO,NIE,0.2437345794439111,21,0.05812990423099857,1
NIO,CIO,-0.03180294593955197,21,-0.008277624163046858,1
NIO,NEO,0.22087804118340817,21,0.4347383772328704,1
NIO,SIO,0.1247646920270398,21,-0.005131695463131559,1
NIO,RIO,0.317133063113744,21,0.10023345486673679,1
NIO,PIO,0.23620627550934106,21,-0.3816842795945264,1
NU,NIU,0.14502375830457953,13,0.1796959237991038,1
NU,SU,0.27930237748518755,13,0.33431215692673566,1
NU,NUV,0.10293415199129177,13,0.05376491010312577,1
NU,NC,0.21145109897622072,13,0.21558489260659916,1
NU,NN,0.22266955406398423,13,0.4433373820840145,1
NU,U,0.309387566661642,13,0.18700764993252475,1
NU,NUW,0.10468822762270931,13,-0.3631787285322499,1
NU,NUE,0.3324419031740518,13,0.5966967587644278,1
NU,EU,0.24566152392868876,13,0.4357428603092342,1
NU,NL,0.2815351659374724,13,0.3786478454665714,1
NU,BU,0.30008049797064734,0,,1
NU,MU,0.3555401573095519,13,0.4335013829709646,1
NU,LU,0.18278776721397808,13,0.11267076468448764,1
NU,WU,0.16064538034531406,13,0.4165450727876516,1
NU,NI,0.12989080852879026,13,0.20806251378398594,1
NU,NEU,0.1500365115260518,13,0.31290491273186644,1
NU,AU,0.10873902938067696,13,0.26036340899929683,1
NU,NG,0.1568913204928993,13,0.5362782151957044,1
NU,NE,0.3313210770904809,13,0.3951668597686194,1
NU,NUS,0.14164680439920027,13,0.4267532383607289,1
NU,NB,0.08689852978474485,13,0.0271914015549709,1
NU,TU,-0.06405315881779935,13,-0.22328625341940572,1
NU,NUG,0.9800371733457882,0,,1
NU,NX,0.1718704323004438,13,-0.021278371619478483,1
NU,NP,0.19940851056337383,3,0.4786202339795062,1
GOOGL,GOOG,0.9980436986988767,16,0.9988024763929972,1
RXRX,LXRX,0.273068001663372,19,0.14757413367281946,1
RXRX,RHRX,0.507548180722387,19,0.47418365699566467,1
RXRX,RPRX,0.10283383079975414,19,0.3743998987895264,1
RXRX,RRX,0.40256950704989747,19,0.5747667671101526,1
RXRX,XRX,0.30265020605550413,19,0.37001380834471087,1
AMD,AMG,0.4778000097404472,16,0.7151402510883206,1
AMD,ADM,0.1216260732768768,16,0.6993650096424268,1
AMD,AMDG,0.9994428977757068,14,0.9999663612354971,1
AMD,AOMD,0.0037461783776743802,5,0.38725588979897535,1
AMD,AMID,0.5137861278697329,16,0.6863940950676919,1
AMD,AMDY,0.9865622690020053,16,0.9936135468880711,1
AMD,AMS,0.055167848685892626,16,0.11524711356672551,1
AMD,AGD,0.40012548829925304,16,0.566490257734675,1
AMD,MMD,0.1583428228080289,16,0.25241596330980004,1
AMD,AOD,0.5837114464126818,16,0.6841340195468182,1
AMD,EMD,0.38145376514412305,16,0.5651283488664272,1
AMD,MD,0.11506214613887152,16,0.22110474234556485,1
AMD,AD,0.15543648135489613,16,0.37845138745232687,1
AMD,AMDL,0.9998214760096954,16,0.9999563536216487,1
AMD,VMD,0.13754174373175676,16,0.021609435674923086,1
AMD,APD,0.2252369302624383,16,0.7459816487094111,1
AMD,AM,0.23658528932268594,16,0.4130098303985441,1
AMD,AEMD,0.09617487181521929,16,0.06548825124520906,1
AMD,AMX,0.21345223356514,16,0.41962232080303846,1
AMD,AMT,-0.13990860504459599,16,0.020400998619649207,1
AMD,AMP,0.4319518126159311,16,0.6806707783415763,1
AMD,AMDD,-0.9949729212273685,14,-0.99986949697392,1
AMD,AIMD,0.12117795482832314,16,-0.019988598357853906,1
AMD,AMTD,-0.06699577274091377,16,-0.40963824689072703,1
AMD,RMD,0.2683959652586778,16,0.6545968207282531,1
AMD,AMN,0.14618622360899308,16,0.5201128561077626,1
AMD,AMZD,-0.515463660428644,16,-0.6241487200444529,1
AMD,AMOD,0.08209345984629632,16,0.18443218075670895,1
AMD,AMWD,0.1424406917952859,16,0.08880552188389808,1
AMD,AMDW,0.9981159555233745,3,0.9999959832374976,1
AMD,AVD,0.1022055802821504,16,0.4736253084724938,1
AMD,AMH,0.13457463392321406,16,0.621128758908108,1
AMD,AMDU,0.9939287374815062,3,0.9991250455282384,1
AMD,AMC,0.20974467063256094,16,0.32117605984574976,1
AMD,AMR,0.16624926175950783,16,0.44589446868227456,1
AMD,AME,0.3449348727611104,16,0.6137541287208546,1
AMD,DAMD,-0.9567708039693756,0,,1
AMD,BAMD,0.28346698253311403,16,0.7057597461348307,1
RIG,SIG,0.32466857855059594,14,0.5017467354511531,1
RIG,JIG,0.3924121996419791,14,0.6079469901533606,1
RIG,EIG,0.09404804026514016,14,0.5182393861693734,1
RIG,CIG,0.28786555246845696,14,0.7704615008319147,1
RIG,RNG,0.34261254882256154,14,0.575834292761938,1
RIG,RING,0.1607810345927124,14,0.5797745775296961,1
RIG,ROG,0.4547796732131719,14,0.5240446150660283,1
RIG,QIG,0.028129093769061597,14,0.40252109082592175,1
RIG,AIG,0.2035870525613712,14,0.6666577251143564,1
RIG,RCG,0.09605323982572289,14,0.4019563408798173,1
RIG,REG,0.2579880248253119,14,0.5524650963832405,1
RIG,MIG,0.03707163105988349,14,0.38793930385567404,1
RIG,RZG,0.4575544648019105,14,0.6427976760125345,1
RIG,FIG,0.11486122809175664,5,0.5325030248689102,1
RIG,HIG,0.15707604664711747,14,0.6225639585332999,1
RIG,RPG,0.4363224716325603,14,0.6207645717523927,1
RIG,RSG,0.029972883554201288,14,0.6089148906549672,1
RIG,RIV,0.3321102648484431,14,0.6462462007735394,1
RIG,IG,0.038186909671405214,14,0.37694490587617135,1
RIG,VRIG,0.07665071303929966,14,0.3644397392578421,1
RIG,RFG,0.47897588132135105,14,0.6682845234251193,1
RIG,RIGS,-0.002295432111502455,14,0.10076841822191945,1
RIG,VIG,0.4653924175084719,14,0.6761279550072411,1
RIG,RIO,0.35657496409607514,14,0.5819432693489762,1
RIG,DIG,0.6646552991320545,14,0.7707295764852179,1
RIG,ZIG,0.5597756081947454,14,0.6629619240870117,1
RIG,RIGL,0.11339363465195405,14,0.34066145425538086,1
RIG,GIG,0.014129973910054017,14,0.4736520051807828,1
PATH,PATN,0.4010565936827398,19,0.3164432520383792,1
PATH,PACH,0.032943611685519375,5,0.9266768801580904,1
PATH,PTH,0.3771594139450276,19,0.49107512398584,1
PATH,MATH,0.20318757049224181,19,0.02049868440585588,1
PATH,NATH,0.20185413324969098,19,0.09441154034124817,1
PATH,PRTH,0.32121920627714384,19,0.43566593376256113,1
PATH,CATH,0.4564826335585312,19,0.39384862589597314,1
PATH,PATK,0.21597795000872064,19,-0.09516047276563369,1
WMT,WCT,-0.031235078292440408,12,-0.6231518842437755,1
WMT,WIT,0.25352611066655606,12,0.24460886456523911,1
WMT,WTM,0.1524494435546278,12,0.08298265861310435,1
WMT,WM,0.4033262137646729,12,0.5014241071168278,1
WMT,WMB,0.2089582367518209,12,0.23353547464507612,1
WMT,WST,0.0920254639788174,12,0.31944935433830685,1
WMT,WMTI,0.9902979331278776,1,,1
WMT,KMT,0.07050212801394512,12,0.06540363943934094,1
WMT,RMT,0.32091747546930965,12,0.5145178635530646,1
WMT,WMG,0.16079253471214833,12,0.29261552478901554,1
WMT,WAT,0.185400758337328,12,0.44874661429638046,1
WMT,WMK,0.32309951104856466,12,0.6157603344975213,1
WMT,PMT,0.22476270913759971,12,0.41546998490535275,1
WMT,CMT,0.15520775836310205,12,0.522353115597282,1
WMT,YMT,-0.20826922866122285,6,0.30653603736955914,1
WMT,AMT,0.16260965828345747,12,-0.12506277280304945,1
WMT,MMT,0.1768690906538428,12,0.3055956840223044,1
WMT,MT,0.2688757656798432,12,0.5726069499402772,1
WMT,WMS,0.20945513627719115,12,0.6122008323667534,1
WMT,WT,0.27956749162161026,12,0.49523815613704386,1
WMT,NMT,0.14977492552414762,12,0.1486959935824367,1
WMT,LMT,0.11373373521167789,12,0.3479677600999688,1
IONQ,IONL,0.9994826265639419,6,0.9999657960576959,1
IONQ,IONZ,-0.9993630687712076,4,-0.9994686822634241,1
IONQ,IONS,0.15961842005162122,9,0.27217811851048607,1
IONQ,IONR,0.16982688847216634,9,0.0660877363712457,1
IONQ,ION,0.2641460425833063,9,0.14391622336598764,1
IONQ,IONX,0.9996794699621493,6,0.99992950171601,1
C,CW,0.4969004101194222,13,0.8649287921722054,1
C,LC,0.6409022383140451,13,0.8900533036847812,1
C,CA,0.0004930026205737605,13,-0.5687227163307325,1
C,S,0.41886794110910947,13,0.7532553172922667,1
C,CG,0.7864806221631833,13,0.9412975490395266,1
C,NC,0.2886143997381275,13,0.5337885413929411,1
C,CD,0.23308666005231798,13,0.7605251997736834,1
C,H,0.5428191188387179,13,0.8393337765758863,1
C,M,0.416627773085661,13,0.8031037781833548,1
C,E,0.34005622449081274,13,0.7641015561568368,1
C,Q,0.410854508044037,3,0.36172843822576783,1
C,PC,0.024084273754461955,13,0.20079690984589643,1
C,U,0.3617791362130431,13,0.7735351834334135,1
C,G,0.2779313844305648,13,0.7018920248554934,1
C,CL,0.0012754026207553364,13,0.22197839493678276,1
C,J,0.5519250212679087,13,0.8676812617520313,1
C,CP,0.44090191285603814,13,0.7104365788463652,1
C,RC,0.36720393098545195,13,0.7616642868480038,1
C,OC,0.5226243921287509,13,0.8002235223978971,1
C,Z,0.4358209242161263,13,0.6812019132164511,1
C,VC,0.4461911429754931,13,0.7484951914772394,1
C,TC,0.04892999486639896,13,0.03920558842696864,1
C,EC,0.2959439045582137,13,0.7704700164631664,1
C,MC,0.7628391678563011,13,0.9211027201312479,1
C,A,0.4711158210847646,13,0.7305016278364478,1
C,KC,0.2551342573738596,13,0.40796588397904715,1
C,CI,0.026784701238701067,13,0.31123733199222503,1
C,DC,0.09038056449473354,13,0.3969524192470643,1
C,R,0.603650960420381,13,0.9073067138331928,1
C,T,0.13037972354631883,13,0.4259305478186392,1
C,XC,0.5633768161398877,13,0.7523584583296761,1
C,BC,0.5757583990468742,13,0.8787987038887752,1
C,CX,0.40575400246619386,13,0.6946372470343127,1
C,L,0.4523870123821399,13,0.6816546108699807,1
C,CB,0.17970058190878463,13,0.5571214547561822,1
C,CF,0.14167940305808036,13,0.5138500878104502,1
C,V,0.548675268112013,13,0.7951356403444917,1
C,CV,0.18335708857944094,5,0.09146491885316009,1
C,CE,0.42725204533682976,13,0.8280972702639106,1
C,O,0.13030146543443977,13,0.31867371188196364,1
C,D,0.18491848240744346,13,0.655667141839009,1
C,W,0.5272320857966278,13,0.7803789748346807,1
C,CM,0.42427127119330243,13,0.5347129198444283,1
C,CR,0.5673256522380289,13,0.8861643155699468,1
C,B,0.10963318549982311,13,0.42475441651808843,1
C,F,0.3707963752206372,13,0.7318641425976297,1
C,FC,0.4942077133842983,13,0.7128856835998032,1
C,CC,0.49212659387643776,13,0.8236248990315479,1
FXI,FPI,0.30471456440644207,12,0.6497962050732216,1
FXI,FXL,0.5186982038017995,12,0.6188385809454291,1
FXI,PXI,0.3613109604652322,12,0.4497881456783654,1
FXI,FXR,0.5166348136177145,12,0.7705211146171799,1
FXI,FAI,0.4851032759802754,12,0.5927345219714902,1
FXI,FXO,0.4593650768728087,12,0.674796293994115,1
FXI,FXC,0.24652107037362486,12,0.47878520348754616,1
FXI,FTI,0.34411848520945776,12,0.6283565020773304,1
FXI,FSI,0.18325664767531102,12,0.7860297764153356,1
FXI,KXI,0.31920628166800963,12,0.6046408746545909,1
FXI,FXE,0.175955509290526,12,0.37711617951305726,1
FXI,YXI,-0.9753308700034958,12,-0.995545662703921,1
FXI,FXP,-0.9954817745198237,12,-0.9991458286339122,1
FXI,HFXI,0.6016878240299586,12,0.8119646411966479,1
FXI,XXI,0.07483462042905108,12,-0.0017038461692108014,1
FXI,FXH,0.4333351704135612,12,0.6859112762838323,1
FXI,FXD,0.4646984208458862,12,0.7415605678135312,1
FXI,SXI,0.4188039494805223,12,0.6439951540423802,1
FXI,FXB,0.30675237923559373,12,0.7025735952779384,1
FXI,FRI,0.40415456719681914,12,0.8198226290055469,1
FXI,FXF,-0.009708599558145603,12,-0.5364742569551426,1
FXI,UXI,0.49628489321715874,12,0.6749673033401014,1
FXI,FXU,0.3166781267951711,12,0.5770840717323757,1
FXI,FXN,0.34357810930157434,12,0.511750759404774,1
FXI,RXI,0.628723520211694,12,0.8444063226466502,1
FXI,FPXI,0.6376732476065224,12,0.8682480536341736,1
FXI,MXI,0.6283025811832308,12,0.7500271523124917,1
FXI,FXA,0.5166342466781084,12,0.7165240207016502,1
FXI,EXI,0.5579930294374735,12,0.7464637248346402,1
FXI,FIX,0.17495398435853918,12,0.04270552416784238,1
FXI,FGI,0.018988251293807025,12,0.459028494172138,1
FXI,FXG,0.3021643677410381,12,0.697966195873317,1
FXI,JXI,0.31220180485293497,12,0.62624542568658,1
FXI,FXZ,0.5550485763544627,12,0.6883606433267608,1
FXI,FHI,0.4026061318203848,12,0.7348925988366399,1
FXI,FXY,7.207601038797616e-05,12,0.2629448172992693,1
VEA,DEA,0.43783364311837863,12,0.5119839585745554,1
VEA,VEU,0.9858586116550918,12,0.994933121571178,1
VEA,VEL,0.31475021797854574,12,0.6638870654231758,1
VEA,VEGA,0.8278134715561354,12,0.9257153738828798,1
VEA,VRA,0.23644072321044532,12,-0.3222747395468678,1
VEA,EEA,0.8100028224511032,12,0.8822427296747305,1
VEA,EA,0.22181227210873455,12,0.8233520049726184,1
VEA,SEA,0.696403784801953,12,0.916964016095293,1
VEA,WEA,0.23135880075383378,12,0.7044063419814834,1
VEA,VERA,0.3039195708609152,12,0.8443926190903301,1
VEA,LEA,0.5349071778085668,12,0.5401129271307585,1
VEA,VEEA,0.099854313138105,12,-0.03611800311072958,1
VEA,VIA,0.21003668367330272,3,-0.06737756928137352,1
VEA,VET,0.46991467958277455,12,0.7148553706265605,1
VEA,NEA,0.3878903017351014,12,0.5451168628967137,1
VEA,VSA,-0.10753186365240268,12,-0.35012125329505667,1
META,QETA,-0.029430154170643257,12,-0.3918304067451975,1
META,MTA,0.13207345207193502,12,0.026425878152234898,1
META,ZETA,0.41076161743272366,12,0.4067461497859956,1
META,METV,0.7062099249638534,12,0.6221617657863534,1
META,MEHA,0.13648867068346285,1,,1
META,MEMA,0.6331713111464732,0,,1
META,MCTA,-0.23577794815947586,1,,1
META,METU,0.9995706557169514,12,0.9998601955894045,1
META,METD,-0.9977912881524343,12,-0.9997179765767151,1
META,BETA,0.1931179756945337,1,,1
META,METC,0.0973595574106695,12,0.32293301173024935,1
META,METW,0.9970902521052759,7,0.9977135938806462,1
META,MET,0.48935382372812675,12,0.46084055572963023,1
META,METL,0.1497998270201691,3,0.8846322396658417,1
AUR,AURU,0.9926234514830636,1,,1
AUR,ACR,0.18442388257304998,18,-0.023370846875829302,1
AUR,BUR,0.3066584442797835,18,0.2983462055422654,1
AUR,LAUR,0.27834413859808804,18,0.25482484978194836,1
AUR,ABR,0.24951678878034095,18,0.05300286715347635,1
AUR,AURA,0.27510103467736047,18,0.15013281902188025,1
AUR,AER,0.25676111721193023,18,-0.1009019872620844,1
AUR,ASR,0.1833709976170473,18,-0.20789919008169266,1
AUR,AHR,0.2691304309739894,18,0.6420748841130386,1
AUR,AURE,0.011077508862356096,18,-0.16469423682489506,1
AUR,AOR,0.4896045713570522,18,0.6044976749087376,1
AUR,AWR,-0.0863656558761866,18,0.28645258437363813,1
AUR,MUR,0.26467846774702164,18,0.26852649077050705,1
AUR,ADUR,0.19198764192035309,18,0.29061742324882506,1
AUR,AKR,0.29675190651322186,18,0.3239303359445575,1
AUR,ATR,0.21224445774108652,18,0.3953196455422154,1
AUR,AVR,0.21150845007121064,18,0.04224086446128656,1
AUR,AXR,0.1771752192054307,18,-0.017034400090940278,1
AUR,AIR,0.2596670650331373,18,-0.1930478061012218,1
AUR,AU,0.07934341740375427,18,0.07989834130536831,1
AUR,ASUR,0.4135359549441995,18,0.576245585154962,1
AUR,AUB,0.36271119150983366,18,0.27035164387563865,1
AUR,ALUR,0.08516495045718331,18,-0.008079274132852641,1
AUR,AR,0.26836984782313594,18,0.2630542702872348,1
AUR,AMR,0.21086422187785528,18,0.05564343808581388,1
AUR,TUR,0.11411383971516702,18,0.37619576376837793,1
AUR,ARR,0.295076294150327,18,0.3637324746963687,1
MRK,MRT,-0.0053844597064946565,15,0.12770101100775738,1
MRK,MRM,-0.0008503621871697278,15,-0.11152004505569228,1
MRK,MRBK,0.1638280491926919,15,-0.3150243437579294,1
MRK,PRK,0.19366956278845834,15,-0.4399458715092875,1
MRK,MRP,0.1729461465970247,14,-0.31808752305540644,1
MRK,NMRK,0.22679836996972644,15,-0.23714500622954066,1
MRK,NRK,0.20359706848643458,15,0.28392220023875364,1
MRK,MCK,0.21623083611743377,15,-0.022366579889182874,1
MRK,MRSK,0.1299502330896871,15,0.0294761852808164,1
MRK,MGK,0.12164198361279964,15,-0.022215035305283497,1
MRK,MRX,0.005273028593816738,15,-0.2157890121175494,1
MRK,CRK,0.13630280537622752,15,0.39294712533433396,1
MRK,MHK,0.3403107845184871,15,-0.09311336990260988,1
MRK,KMRK,0.13015590583541728,8,0.4444689667381464,1
MRK,MRKR,0.1086577814099187,15,-0.06993265555862715,1
XOM,COM,0.41734764767171967,11,0.05406695280876583,1
XOM,ROM,0.3141174978481142,11,-0.3558162088827075,1
XOM,XOMZ,-0.9897101057069327,8,-0.9964055099295204,1
XOM,XOP,0.8048945207626925,11,0.7331503677628195,1
XOM,XOMO,0.9667589017161331,11,0.9712871611935348,1
XOM,XOMA,0.12829024664487484,11,0.016750792535911704,1
XOM,OM,0.08241257397034327,11,-0.07840710220070912,1
XOM,POM,-0.0894644102898129,2,-1.0,1
XOM,XOS,0.11952354104865938,11,-0.28590170487119,1
XOM,OXM,0.22425747173854368,11,0.034031267604928674,1
XOM,NOM,0.10095306936265162,11,-0.2300824111712537,1
XOM,XOMX,0.9939055957457862,8,0.9920889127642845,1
XOM,AOM,0.37733616945378773,11,-0.1571180111863887,1
HBAN,HBANP,0.44135043934047424,14,0.8631457233709314,1
HBAN,HBANM,0.26461346668570807,14,0.5634060876538773,1
HBAN,CBAN,0.6947935177794419,14,0.8129902891751771,1
HBAN,HBANL,0.2957812555993262,14,0.512847741732762,1
VG,VUG,0.4177889485360031,17,0.6254719679457588,1
VG,ZG,0.25635569791809243,17,0.4299747062100431,1
VG,VB,0.412451479502595,17,0.5509121831403148,1
VG,SG,0.17083225523966555,17,0.17614028596388687,1
VG,CG,0.36634520479720795,17,0.46651228899227654,1
VG,NVG,0.12216477149439241,17,-0.054017389351057994,1
VG,VGT,0.4427088512997576,17,0.658757528748849,1
VG,VGZ,0.041748099291438426,17,0.004131208852153068,1
VG,VV,0.4109627605205275,17,0.5433935697791058,1
VG,PG,-0.05951092184326298,17,0.07651642895209045,1
VG,UG,0.09524694975065744,17,0.053963221288565205,1
VG,G,0.11404962909622825,17,0.3653685077748754,1
VG,VPG,0.22291917926078675,17,0.38860241639120785,1
VG,HG,0.07922213187614814,17,0.28334461514827103,1
VG,VT,0.4110701852922206,17,0.5202298214060803,1
VG,FG,0.1319748386627163,17,0.33022651536156444,1
VG,MG,0.035491647002518736,17,-0.17749091573384368,1
VG,BG,0.06233313832047262,17,-0.13690257509321963,1
VG,VC,0.24088990103115143,17,0.1446927262092247,1
VG,AG,0.23516521137642737,17,0.2980704660753718,1
VG,VO,0.42014928151259323,17,0.538418049249178,1
VG,GV,0.03939813622998654,17,-0.25813892523064025,1
VG,VGI,0.30311191057556647,17,0.5656926363456227,1
VG,IG,0.011744042334740535,17,-0.07391243837208127,1
VG,DG,-0.036080577634722194,17,0.1268362919159809,1
VG,VTG,-0.07507616713563109,7,-0.5981737834177601,1
VG,VZ,-0.18228465346068312,17,-0.2019616289561892,1
VG,NG,0.12121595186930645,17,0.0581903381083636,1
VG,VGM,0.07557662235376376,17,-0.008645913864752929,1
VG,V,0.21281070222010812,17,0.46271117718136856,1
VG,VS,0.18120976325773966,17,0.5226184021154325,1
VG,VGK,0.2565801317118634,17,0.3217720236682655,1
VG,TG,0.2792453180368001,17,0.2775600217623437,1
VG,VIG,0.3615151974882911,17,0.4671989532856007,1
VG,KG,-0.005633417973369825,17,-0.2185139951192719,1
VG,EVG,0.2602878231674881,17,0.4182356740892765,1
VG,JG,-0.103657478760146,17,0.46223808871043726,1
VG,EG,0.14550927125410681,17,0.2645254748954959,1
OCG,BCG,0.07179379896961072,15,0.2882149548325079,1
OCG,CCG,0.05247503321250501,15,0.3006393797092124,1
OCG,OCS,-0.03563109625575232,15,-0.10567765851734116,1
OCG,CG,0.09905784123276773,15,0.32825779366181995,1
OCG,RCG,0.06739029923981824,15,0.10639707987506845,1
OCG,OSCG,0.07339762879190719,2,-0.9999999999999999,1
OCG,OFG,0.027347868349443763,15,0.04941478627586349,1
OCG,OC,0.0030568687789187853,15,0.04802570611767669,1
OCG,FCG,0.06975088652279823,15,-0.03321576909401494,1
OCG,OCC,0.06933167324519864,15,0.19062153650853858,1
OCG,ECG,0.023676745230918953,15,0.18708765316448067,1
OCG,ICG,-0.01749608456500908,15,-0.03280078729850284,1
OCG,PCG,0.03923939801123961,15,-0.005761714334047623,1
OCG,OSG,0.005569678294751756,15,0.2803502718333698,1
OCG,OCGN,-0.01289085878025594,15,-0.15085181648255705,1
PYPL,PPL,0.12844212604111688,16,0.181926341201674,1
PYPL,PAPL,0.0933069809405474,16,0.39129798356526574,1
PYPL,PYPD,0.1319713941115809,16,-0.13648703928594175,1
PYPL,PRPL,0.3635517140846789,16,0.4569344638930569,1
PYPL,PYPY,0.969450051126544,16,0.997774963523974,1
PYPL,PYPG,0.998543680377008,13,0.9995847555118873,1
AVTR,ATTR,0.0763956253810151,3,0.04117706180010374,1
AVTR,AZTR,0.06646360618537196,13,0.28129385270066287,1
AVTR,AVT,0.44154744401396034,13,0.5972616318299538,1
AVTR,AVTX,0.102404466555609,13,0.3667399207876048,1
AVTR,EVTR,0.15240239542837955,13,0.14184447644669662,1
AVTR,ATR,0.49580520998559324,13,0.6697143709947123,1
AVTR,AVR,0.23416322993449518,13,0.39439743223640966,1
AVTR,VTR,0.03240417361550609,13,-0.04961153366885613,1
AVTR,AVIR,0.21261271552844857,13,0.11793192609943556,1
MDLN,MOLN,0.03498073939274801,0,,1
MDLN,MDLV,0.8833106839807301,0,,1
MDLN,MILN,0.5690491953640973,0,,1
MDLN,MDLZ,0.049807477166090706,0,,1
MDLN,MLN,0.669271238715194,0,,1
MDLN,DLN,0.944561342766785,0,,1
LRCX,ORCX,0.3944656157790553,11,0.8015143451232087,1
LRCX,ARCX,0.3656666153603949,5,0.8055596644115491,1
LRCX,LRCU,0.9980548344015795,3,0.9961225243525523,1
GFS,PFS,0.44479429917883656,19,0.01027633087646068,1
GFS,GS,0.5626385433672464,19,0.2389856491135254,1
GFS,GJS,0.031358370526973524,19,0.03726927597010333,1
GFS,GNS,0.2618698200118067,19,0.13787382766212727,1
GFS,GFF,0.4535246143537605,19,0.10046499765293875,1
GFS,VFS,0.29734341713952,19,-0.24318338675703,1
GFS,GRFS,0.2858841649842227,19,0.3574043568232903,1
GFS,GFL,0.17661385224775053,19,-0.005140819405707658,1
GFS,GFI,-0.0066325574405272985,19,-0.24654857299653596,1
GFS,IFS,0.15427917699427848,19,-0.08076353743845303,1
GFS,GIS,0.05112161531023236,19,0.2075082532141799,1
GFS,OFS,0.18013870278411698,19,-0.25592995542310853,1
GFS,GDS,0.2940367285117329,19,0.12125320784713076,1
GFS,LFS,-0.004885691761857447,4,0.04193392573882424,1
GFS,BFS,0.3004312609270872,19,0.01675780034478677,1
GFS,GF,0.3880113664810157,19,0.10679893504119473,1
GFS,GES,0.425482235908541,19,0.24385192110385132,1
GFS,KFS,0.15788421010290166,19,0.036894189819870485,1
GFS,GFR,0.22044059273271616,19,0.1349792305174388,1
VICI,VIDI,0.44932396396051016,17,0.07062711112197428,1
VICI,VACI,0.2475356793314396,0,,1
VICI,VIGI,0.4864288114434457,17,0.2739640530200462,1
VICI,VICR,0.1029930279429526,17,0.26757465799789887,1
VICI,VICE,0.4598346724435293,17,0.32674277109821814,1
TLRY,GLRY,0.17803758723392105,13,-0.49122977587983724,1
TLRY,THRY,0.13353820840928918,13,-0.5051223095789763,1
LUMN,HUMN,0.34560160282648406,10,0.48213921556161743,1
LUMN,LIMN,0.01763927726210585,11,0.2149258623316578,1
IAUX,IAUG,0.21711997217584003,15,-0.05553628833515682,1
IAUX,IAU,0.45064977730954714,15,0.5102261475156011,1
IAUX,IAUM,0.44770663059588867,15,0.5079431578884832,1
IAUX,IMUX,0.15244362679153867,15,-0.09006228551228854,1
IAUX,IAUI,0.47404870727268117,8,0.916422231621009,1
ITUB,STUB,0.14177641576786496,2,-1.0,1
ITUB,IDUB,0.4604879254206218,10,0.5217759718777771,1
ITUB,ITDB,0.44446453647830025,10,0.341311545529557,1
ITUB,ITB,0.16990376838847202,10,0.23941350855507662,1
KDP,SDP,-0.23377461278724987,14,-0.3708749905562049,1
KDP,FDP,0.21057517331817996,14,0.1308142236160478,1
KDP,CDP,0.150369862613812,14,0.1252043927477482,1
KDP,ADP,0.32606989228521416,14,0.3683934175703674,1
KDP,PDP,0.06156453609670643,14,-0.057474298453561216,1
KDP,KEP,0.07263753054014407,14,0.4715121158361741,1
KDP,KRP,0.11479329548789377,14,0.023517478596828296,1
KDP,KDK,0.08074099881783632,2,-1.0,1
KDP,LDP,0.15902005723789464,14,0.24824686357720818,1
KDP,KOP,0.10088345571887258,14,0.17477860706202517,1
KDP,KD,0.03040283071181416,14,-0.048103357829922824,1
RIOT,IOT,0.2696911225464759,8,0.18549536850579545,1
RIOT,RBOT,0.3165407127548888,8,0.18287730146592587,1
RIOT,RINT,0.3083455152433862,2,-1.0,1
RIOT,ROOT,0.369799071056514,8,0.5907955898493221,1
RIOT,RIET,0.26413712587491744,8,0.3653869324000479,1
RIOT,VIOT,0.08624409046775286,8,-0.03296102885781168,1
RIOT,AIOT,0.4060056193914481,8,0.3800016563323087,1
RIOT,RIO,0.2377799474764391,8,0.08542389607712063,1
RIOT,RIOX,0.9979870963915177,8,0.9988206959804908,1
CLF,LCF,0.48565817835139735,14,-0.028943137695134322,1
CLF,SLF,0.16403752732890242,14,0.14990925841620764,1
CLF,CLH,0.28576471367720985,14,-0.07880334360851599,1
CLF,CLS,0.32521810545537766,14,0.11396047857022247,1
CLF,CIF,0.18868908571182622,14,-0.25180470295345597,1
CLF,CLX,0.03054123754680385,14,-0.44410916269301637,1
CLF,CALF,0.47968138562693863,14,-0.43736079474724193,1
CLF,XLF,0.3772610265852635,14,-0.2835504975742861,1
CLF,CL,-0.14502300558132752,14,-0.29324588498976684,1
CLF,CAF,0.2445814215874693,14,0.1194896021914542,1
CLF,CMF,0.01040888071354238,14,-0.04756284903061138,1
CLF,CEF,0.2915545898235803,14,0.8106530888312494,1
CLF,ALF,-0.024043980375438874,14,-0.7869887826079408,1
CLF,COF,0.4053091031038565,14,-0.34667259819465895,1
CLF,CNF,0.11889661008163777,14,0.11325459015199167,1
CLF,ILF,0.31811084986780447,14,-0.03696016647469534,1
CLF,CPF,0.26286031453186937,14,-0.3457061020489343,1
CLF,CLW,0.24623594878401114,14,-0.3823955267282224,1
CLF,CLFD,0.27123558200432957,14,-0.10331558793810203,1
CLF,CRF,0.2883173705011585,14,-0.6198057415059904,1
CLF,CF,0.21465162884851074,14,0.24073507014957604,1
CLF,ELF,0.2381749824137762,14,-0.4290266109844223,1
CLF,CLM,0.3485894096638471,14,-0.4348623636850124,1
CLF,CLB,0.34325937105385446,14,0.2769723182559653,1
CLF,HLF,0.13735566541711913,14,-0.5077926084616438,1
CLF,TLF,0.15294149952161187,14,-0.34974329615771504,1
YYGH,HYGH,0.1058899815041835,25,0.1446531520430016,1
NVTS,NVT,0.2533698468513889,20,0.11159978759066355,1
NVTS,NVDS,-0.22238949503797337,20,-0.0797934165146103,1
NVTS,NVST,0.25308393548076974,20,0.23532625795667733,1
NVTS,NVTX,0.9978904740023543,4,0.9999823582236242,1
NVTS,NVS,-0.03636062889743333,20,-0.024107798415761585,1
NVTS,VTS,0.07856082783496504,20,0.06565975759921272,1
NVTS,NSTS,0.016341420445980095,20,-0.02386616210739999,1
NVTS,NVGS,-0.0008928317081040058,20,-0.07798170014410158,1
AMCI,TMCI,0.04042217648698665,18,-0.11801085356022399,1
AMCI,MACI,-0.028170950540184723,18,-0.06276203904536921,1
AMCI,MCI,-0.06973497468718046,18,-0.23440691942073935,1
AMCI,AMCX,0.03738769571441086,18,-0.28081816842316815,1
AMCI,SMCI,-0.01684431476496586,18,-0.19684654669532356,1
AMCI,ACI,0.024375641347710125,18,-0.0669578522073622,1
AMCI,AMCR,0.013827122740150913,18,0.08383989089018713,1
AMCI,ASCI,0.06861330335106533,4,0.5820257218632379,1
AMCI,AMC,0.03476015045752452,18,-0.4300127108938654,1
AMCI,CMCI,-0.11339472794078952,18,-0.5268179724750433,1
EQX,EIX,0.029889243613039147,14,0.012720770849069689,1
EQX,EQT,0.18174810450528842,14,0.36881915983375285,1
EQX,ETX,0.21101025826565586,14,0.8379291937292235,1
EQX,EVX,0.1303008909328408,14,-0.013002136205528418,1
EQX,EQ,0.019518425315389103,14,0.5399454483795975,1
EQX,EFX,-0.00043002989563680724,14,0.25013268990536647,1
EQX,EQS,0.11226185970953384,14,-0.003530228429074446,1
EQX,EEX,-0.02812457908474437,14,0.10541014144329489,1
EQX,EQL,0.15286576381224215,14,0.3095368359537576,1
EQX,ECX,0.009404160698617358,14,0.422416653017352,1
EQX,EQR,0.04548174850470563,14,0.3668988187254734,1
EQX,ERX,0.10430924804963908,14,0.3048218825638453,1
EQX,EQIX,0.1259038100622774,14,0.30763598022567223,1
EQX,EQH,0.07658579239566932,14,0.30857713119748403,1
EQX,EWX,0.23840626528905542,14,0.36291149425001495,1
JPM,PM,0.14759450778715283,17,0.4100567582281778,1
JPM,JPEM,0.49591681961449535,17,0.5666645000784933,1
JPM,APM,0.020914914132745297,17,0.338515492594237,1
JPM,JPME,0.6910235104347547,17,0.6851252885637502,1
JPM,WPM,0.1883751153101603,17,0.49760365831777637,1
JPM,RPM,0.42384368632906044,17,0.4705546662550168,1
JPM,JEM,0.08825153702810278,10,0.3611622651876235,1
JPM,JPMB,0.4183046032921719,17,0.48590621545325197,1
JPM,JPC,0.47333809077057004,17,0.6352733880234703,1
JPM,JPY,0.5057751895751831,12,-0.03551412620233486,1
JPM,JSM,0.218609209217037,17,0.5583977491655272,1
JPM,JMM,0.14039721954056145,17,0.523679059100418,1
JPM,JPMO,0.9335182288090871,17,0.9686681380945732,1
JPM,EPM,0.32707140343188973,17,0.12783265043981518,1
JPM,IPM,0.06910081694962224,17,-0.26419641944564215,1
PFSA,TFSA,0.009925699099906756,9,-0.1995365457503036,1
PFSA,PFS,0.16976582612294977,9,0.21425069338378344,1
PFSA,PCSA,0.03322911460879294,9,0.23903778253803346,1
PFSA,PFSI,0.030565747518486806,9,0.7071562098587822,1
PFSA,PSA,-0.0020251268085244335,9,0.5804410871473832,1
PFSA,PFFA,0.08983169886193555,9,0.4919140284609306,1
KMI,UMI,0.8392552686563154,9,0.8001704191313035,1
KMI,BMI,0.2648052135767685,9,0.49915635218001836,1
KMI,KMB,0.08055846222779416,9,0.48159034749794516,1
KMI,MMI,0.15052316342284053,9,-0.010086414506249631,1
KMI,KXI,0.19076013927297275,9,0.5170551060629918,1
KMI,KIM,0.29875537899782556,9,0.6852387986063839,1
KMI,OMI,0.05135661132770212,9,0.25350380633101893,1
KMI,VMI,0.28562487915138646,9,-0.015191547339803886,1
KMI,KMT,0.2543685190972941,9,0.374166470393476,1
KMI,KMX,0.12476294322392686,9,0.027889849167413782,1
KMI,RMI,0.3180660944188617,9,0.8105240393854506,1
KMI,KMID,0.4189590489915483,9,0.6573588337929287,1
KMI,PMI,0.25601527557181614,3,0.581068790383075,1
KMI,NMI,0.13007762127944675,9,0.6965328217345239,1
KMI,MI,-0.045773787776553894,9,0.44416703652689465,1
KMI,KAI,0.2333076602537937,9,0.47693021853838147,1
KMI,KMLI,0.13733509324710916,6,0.41693008768148165,1
KMI,CMI,0.33048888368142315,9,0.5021433419950415,1
SILJ,SILA,0.2260884944136887,15,0.485507834907059,1
SILJ,SIL,0.9762134084023109,15,0.9904716963746389,1
SILJ,SIXJ,0.31458396116308684,15,0.6109961966363965,1
SILJ,SIJ,-0.2901582011883929,15,-0.6675282035833786,1
SILJ,SILC,0.014783134443070667,15,-0.0479354315887451,1
SILJ,SILO,0.17284110391506566,15,0.47256286375502154,1
ASBP,ASBA,-0.0031733899416221253,19,-0.39699690931074344,1
ASBP,AVBP,-0.01679477220591867,19,-0.14313625511095227,1
ASBP,ASB,0.1119748309089669,19,0.1692178946605311,1
ASBP,AMBP,0.03835073602424014,19,0.015306720982687184,1
ASBP,ABP,0.1984606403838229,19,0.27403709316065494,1
ASBP,ASBPW,,0,,1
FISV,FIS,0.3471589649901287,12,0.741571871417868,1
FISV,FISI,0.2417938516213196,12,0.24463237397475895,1
FISV,FINV,0.16441697673438996,12,0.5271658472674748,1
FISV,FSV,0.18863822943271222,12,0.030429260751809382,1
FISV,FISK,-0.001681977522051406,12,-0.2117757474915469,1
FISV,FISR,0.09422874982653805,12,0.12577456825694863,1
FISV,DISV,0.21833126261115418,12,0.0034114404287327433,1
PGEN,TGEN,0.11351328556632621,15,-0.12398302037869327,1
PGEN,GEN,0.16846551841678156,15,0.1286016115393889,1
PGEN,OGEN,0.04933959022377635,15,-0.14496211741610837,1
PGEN,AGEN,0.21227278735911623,15,0.10133537563226211,1
PGEN,RGEN,0.21868766805801876,15,0.06812078725989779,1
PGEN,PTEN,0.2599613021679301,15,0.03616448568705129,1
PGEN,QGEN,0.17318609506538413,15,0.04271686773449222,1
PGEN,FGEN,0.12570798609743286,15,0.12425241646306523,1
PGEN,CGEN,0.11509962395179912,15,-0.12478448917970829,1
PGEN,PEN,0.13857960734897057,15,0.11382994358424277,1
CNH,CNQ,0.40098114705864407,12,-0.2243624932700656,1
CNH,CNA,0.23073367605010564,12,-0.4842439626686103,1
CNH,CLH,0.3423253853739857,12,-0.3586132337980667,1
CNH,CNI,0.42335269844687917,12,-0.2164639639763698,1
CNH,CNS,0.5410933720620349,12,0.028647255747124456,1
CNH,CNO,0.4379954667993725,12,-0.3040197310288001,1
CNH,UNH,0.09817436034182174,12,0.1896834795917902,1
CNH,CWH,0.431455199146365,12,0.16388599716729826,1
CNH,CAH,0.06215542328675351,12,-0.6685492048605277,1
CNH,CYH,0.2610727991391714,12,-0.29590550048939024,1
CNH,CNF,0.09202137097476004,12,0.5827133391044167,1
CNH,CNL,-0.005729191224429575,12,-0.32560845278906736,1
CNH,CRH,0.41656425279562664,12,0.19220138533322143,1
CNH,CNR,0.11926730029255146,12,-0.45867826529130895,1
CNH,CNP,0.09082074600136988,12,-0.40722206463642413,1
CNH,CNM,0.4475237419630198,12,0.2963902469877276,1
CNH,CNC,0.06054467814045007,12,0.09184684863067605,1
CNH,BNH,0.11708950681110729,12,-0.08915154219512733,1
CNH,CHH,0.4583286823395478,12,0.7162588246706684,1
CNH,CXH,0.018505341781064482,12,0.35543008736064124,1
CNH,CNX,0.10045154748591696,12,-0.7385599998953796,1
CNH,CNK,0.19311233138390485,12,0.11601600652270434,1
KEY,KEN,0.263886600861079,13,0.15401852423000537,1
KEY,KFY,0.5971211364474324,13,0.5874546607450426,1
KEY,KE,0.40226606754760813,13,0.2683246903397876,1
KEY,KEP,0.04952078692545586,13,-0.055491687724129726,1
KEY,WKEY,0.1803897315209692,13,0.4088069216092733,1
KEY,KEYS,0.6619375886325592,13,0.7061311649549816,1
KEY,KEX,0.5076331646932443,13,0.31243774371297867,1
KEY,PEY,0.7425284339600333,13,0.646644633766747,1
MSTU,MST,0.9924268378576606,14,0.9973409228055934,1
MSTU,MSTI,0.15331997422208227,21,0.5139369343945213,1
MSTU,MSTZ,-0.9990092813700719,21,-0.9995971079503809,1
MSTU,MSTK,0.9883228667565742,3,0.9983420814311413,1
MSTU,MSTX,0.9992364881397865,21,0.9997169171129362,1
MSTU,MSTQ,0.5475637442405836,21,0.8687697713140785,1
MSTU,METU,0.4552712629959739,21,0.7663601404017238,1
MSTU,MSTP,0.9969786242762102,13,0.9980387156496093,1
MSTU,MSTB,0.4338130178200019,21,0.8372125373209213,1
MSTU,MSTW,0.9964901102001491,10,0.9988752658729118,1
MSTU,MSFU,0.44961568497979326,21,0.8478382258189333,1
MSTU,MSTY,0.9867193920272929,21,0.9965471242646936,1
MSTU,MSTR,0.9993137436719544,21,0.9998800961071174,1
DOC,DOCN,0.26478390199857954,12,0.09246192333058915,1
DOC,VOC,0.17854949522952143,12,-0.2840134749216656,1
DOC,DAC,0.23564505196050198,12,-0.09844700792257896,1
DOC,DXC,0.3903565599832091,12,-0.08986382740461701,1
DOC,BOC,0.17753262441157622,12,-0.21467759533765857,1
DOC,DOCS,0.13505322309770373,12,-0.13227737780557966,1
DOC,DOX,0.4268912089951547,12,0.0021857695429060887,1
DOC,ODC,0.24170237374319792,12,-0.21601009240973118,1
DOC,DOW,0.43190202713631937,12,-0.08641216084691357,1
DOC,OC,0.4398419608728862,12,-0.22293782709361246,1
DOC,DOV,0.4065145045201929,12,-0.10087785196040702,1
DOC,DEC,0.17890481827193505,12,-0.3042423479070758,1
DOC,DDC,0.12356403901645961,12,-0.02900064775116541,1
DOC,DC,0.0096332862591189,12,-0.2264692016842925,1
DOC,DON,0.6126352529230813,12,-0.1994330943599439,1
DOC,DOL,0.4572510026383687,12,0.010706495332676974,1
DOC,DOO,0.3048163707527626,12,-0.21257629299594352,1
DOC,DGOC,0.1906138563401197,2,1.0,1
DOC,NOC,0.16905857590351964,12,-0.2976197772875103,1
DOC,DCO,0.17577197385257884,12,-0.48030932879241145,1
DOC,DHC,0.29065436037552267,12,0.2088797711266009,1
DOC,DOCU,0.22218300273779037,12,-0.3263680028838009,1
DOC,DOG,-0.4653075924377384,12,0.3467890798499783,1
DOC,DOCT,0.37442073768428047,12,-0.2541658991509208,1
DOC,SOC,0.08620461706114795,12,-0.5835131243228256,1
DOC,GDOC,0.47343965966473756,12,-0.04221218912443437,1
DOC,TDOC,0.24755647916985893,12,0.08831929301993109,1
DOC,JDOC,0.49835186937403303,12,-0.055659550421487236,1
DOC,DBC,0.1233532071377426,12,0.047640604297954636,1
OMER,OMEX,0.004316708983031131,16,-0.1678823681489704,1
OMER,OPER,-0.06580713691818345,16,-0.03873136898021131,1
GAP,GAL,0.43818595901484325,19,0.5422160441926303,1
GAP,ZAP,0.2834794089148489,19,0.3383797285167878,1
GAP,BAP,0.14229533040703463,19,0.16561810504374017,1
GAP,GAB,0.4236913656204776,19,0.5731388233678559,1
GAP,GP,0.12048280795618443,19,0.46313673325458904,1
GAP,AAP,0.27818589682642303,19,0.33945378429894285,1
GAP,GAM,0.3407149739051143,19,0.3430588612901908,1
GAP,GAPR,0.44762526710852596,19,0.6448004325143699,1
GAP,GJP,0.15489813022761945,19,0.4613969840478534,1
GAP,GAU,0.015217992516182416,19,-0.09124655858772064,1
GAP,GOP,0.41537247794749116,19,0.5249138505985733,1
GAP,AP,0.031342387134125994,19,-0.07923838345880949,1
GAP,GAA,0.27480943823546017,19,0.5038336808168266,1
GAP,SAP,0.21790707947354554,19,0.08610846267339942,1
GAP,GARP,0.4930002399907416,19,0.5499934472277378,1
GAP,HAP,0.33720353358118105,19,0.527927358117196,1
GAP,GLP,0.12919435723633496,19,0.05729865154137187,1
GAP,TAP,0.20798227913576608,19,0.4108655418860835,1
SCHH,STHH,0.45136721886367365,9,-0.04072610657660038,1
SCHH,SCHV,0.7966038747844928,13,0.778448450191766,1
SCHH,SCHQ,0.30724665133571355,13,0.15407833908774726,1
SCHH,SCHC,0.6464405860760061,13,0.7666294710337024,1
SCHH,SCHD,0.7894245501673627,13,0.8008458231899156,1
SCHH,SCHJ,0.37096458710875274,13,0.34640886513882835,1
SCHH,SCHB,0.6048481309371277,13,0.6571745232926242,1
SCHH,SCHP,0.3461629776278461,13,0.4370559256079425,1
SCHH,SCHZ,0.34670059277190346,13,0.2847826005437256,1
SCHH,SCHG,0.4473351336041617,13,0.5456317952726832,1
SCHH,SCHW,0.42535997757284166,13,0.5630430365511454,1
SCHH,SCHL,0.2533446414373583,13,0.23296908541846045,1
SCHH,CCHH,0.018286738163102077,0,,1
SCHH,SCHM,0.7067417491947883,13,0.6781831307704591,1
SCHH,SCHF,0.6777307705476787,13,0.8049493727370595,1
SCHH,SCHX,0.5973027972040956,13,0.6385530801279781,1
SCHH,CHH,0.4989771623526975,13,0.7144683910640096,1
SCHH,SCHI,0.4657215756267559,13,0.40584648829303066,1
SCHH,SCHA,0.6694594844236985,13,0.6221989104421203,1
SCHH,SCHY,0.6838865819725795,13,0.6644719093043031,1
SCHH,SCHO,0.006223616569956365,13,0.03827413952600572,1
SCHH,SCHR,0.1913122058372556,13,0.08561441193503384,1
SCHH,SCHK,0.6015570400955839,13,0.6412442636540375,1
SCHH,SCHE,0.5063109549265564,13,0.6277536512694082,1
HTZ,HTO,0.048894017747527795,16,0.02799863193715862,1
HTZ,STZ,0.16871891625445293,16,0.2007112382549821,1
HTZ,HTH,0.12648335452525564,16,-0.040590265524017656,1
HTZ,BTZ,0.09275291320684195,16,0.03836104611474252,1
HTZ,HTB,0.1875535961290087,16,0.2940391107386561,1
HTZ,NTZ,0.1249300584941482,16,0.3554960800444774,1
HTZ,HTT,-0.028753169154362122,16,-0.5644687923716979,1
HTZ,UTZ,-0.0009866365895551676,16,-0.07739829435263133,1
HTZ,MTZ,0.062168031788481466,16,-0.3837886247648099,1
HTZ,HTD,0.11776928044648763,16,-0.16300655903156339,1
PTEN,MTEN,-0.01628126354002334,12,0.09197707862683292,1
PTEN,PGEN,0.2599613021679301,12,0.27209503519605865,1
PTEN,ZTEN,0.14428249871513948,12,0.2848342518854945,1
PTEN,GTEN,0.07510597205370778,5,0.7737480468696726,1
PTEN,PTON,0.2936223000513421,12,0.4842364524681974,1
PTEN,STEN,0.4133018790089603,1,,1
PTEN,UTEN,-0.16698101296318385,12,0.22206356653688927,1
PTEN,PTEU,0.42239549381868674,12,0.001313684391924411,1
PTEN,PTN,0.03138611356660329,12,0.07147292046092395,1
PTEN,ATEN,0.40689253947635345,12,0.6912959885144211,1
PTEN,PEN,0.24127763396818833,12,0.2904489041366422,1
PTEN,PTIN,0.5243474446920824,12,0.2963654953466574,1
PTEN,XTEN,-0.1102184371801499,12,0.16572578051963247,1
PTEN,PTRN,0.3683611552261543,2,-1.0,1
PTEN,TEN,0.4055863267543608,12,0.25964146156189466,1
PBM,PM,-0.10473051444035876,16,-0.2421039331158755,1
PBM,PBD,0.21488393494579197,16,0.4089653305105361,1
PBM,PBF,0.14429403907147284,16,0.5297941500097566,1
PBM,PDM,0.12189048743814704,16,0.3741444575704064,1
PBM,PHM,0.08534201143663138,16,0.37711199314480814,1
PBM,PBI,0.1259674896372286,16,0.2714484852599091,1
PBM,PBR,0.057003909213595064,16,0.0666937563120476,1
PBM,PBMY,0.1742180020408001,16,0.3184121134856036,1
PBM,PRM,0.10292652437620824,16,-0.07823909725631516,1
PBM,ABM,0.11490732098556018,16,0.2833915198781786,1
PBM,PMM,0.11285342254691232,16,0.01277082018845547,1
PBM,PAM,0.018822354368649635,16,-0.054739393816584575,1
PBM,PBT,0.09819491685150784,16,0.3080433933976283,1
PBM,PIM,0.05358328033290479,16,-0.046360410098366125,1
PBM,PBA,0.12238584079321768,16,0.2731093578325628,1
PBM,PUBM,0.16775027035836035,16,0.32186531083834385,1
PBM,IBM,0.060390316056720995,16,0.3036047422322289,1
PBM,PBP,0.21806169428277142,16,0.5815968101576078,1
PBM,POM,-0.018496455923805454,3,-0.740356230259871,1
PBM,PBMR,0.21245976511774203,16,0.48396245250005326,1
PBM,PBE,0.16836183710964336,16,0.24388286714989918,1
PBM,PB,0.08700570578872707,16,0.2725852188113224,1
PBM,PBL,0.23393211501040878,16,0.6254571054807432,1
PBM,HBM,0.14350965067011634,16,0.25407468563752145,1
PBM,PFM,0.20791890118429776,16,0.5492846938085466,1
PBM,PBW,0.2053169544888454,16,0.36028775046643313,1
PBM,PBH,-0.0013559235763262092,16,-0.04757188488007729,1
PBM,PCM,0.029549031097408193,16,-0.013033063387309852,1
PBM,PBJ,0.16564619180969206,16,0.4113817696744675,1
ELOG,EOG,-0.09066314506020161,4,0.5003316955830861,1
ELOG,EDOG,0.09373097155068415,4,-0.10698144391704115,1
ACI,ACIC,0.09146527184405635,11,0.3590915653963872,1
ACI,ACWI,0.05644879161026633,11,0.20598128457142761,1
ACI,ACIO,0.01722040618839665,11,0.2435758857389901,1
ACI,ACR,0.1069855216369046,11,-0.06058751285115135,1
ACI,AWI,0.10150433186816944,11,0.5049974808793067,1
ACI,API,-0.03634450827596385,11,-0.14777058797830098,1
ACI,ACM,0.16375206262675288,11,0.58648863875917,1
ACI,DCI,0.09061602383753944,11,0.6322096795439819,1
ACI,VACI,0.060532122386680834,0,,1
ACI,ACV,0.020900508487980262,11,0.13886444453304742,1
ACI,ACIW,0.08681921605717696,11,0.46839226650784715,1
ACI,AGI,0.11654456009911536,11,-0.0980374839920901,1
ACI,BCI,0.054565092357941235,11,-0.09536835226570095,1
ACI,ATI,0.07974355632038554,11,0.486368592378714,1
ACI,AI,0.023680008178450365,11,-0.04681952624846321,1
ACI,ACU,0.03860670997833025,11,0.056121118515501514,1
ACI,ABI,0.17968655230984343,3,0.9797997027280476,1
ACI,MACI,0.034800300976775576,11,0.08736334288069093,1
ACI,PCI,0.07108841813961785,3,0.1810748611353045,1
ACI,MCI,-0.00434787869633155,11,-0.08555356944114056,1
ACI,ACEI,-0.3065478178626268,1,,1
ACI,RCI,0.16604096825821754,11,0.4059321161572825,1
ACI,JCI,0.06398116100406014,11,0.4255280610381849,1
ACI,ACB,0.04404846086084905,11,0.17952287391997981,1
ACI,AII,0.15137904976700467,6,0.5710741090905078,1
ACI,TCI,0.07133831737124566,11,-0.007373229046442557,1
ACI,AMCI,0.024375641347710125,11,0.02460940193298971,1
ACI,ACA,0.06483675138281371,11,0.6083841297755516,1
ACI,ACII,0.1210910310696127,1,,1
ACI,ACSI,0.08452676622538834,11,0.4003006168354243,1
ACI,ARI,0.20225586825982836,11,0.8031541220059323,1
ACI,HCI,0.15045233378459263,11,0.7699626816752497,1
ACI,NCI,-0.042993752893943596,11,-0.06392734501711049,1
ACI,ACT,0.21191388456647883,11,0.7833558622789977,1
ACI,CI,0.2518312137580686,11,0.5035159255455975,1
ACI,ADI,0.02443024112310455,11,0.2039261416677587,1
ACI,ASCI,0.16889838705832397,1,,1
ACI,CAI,-0.09285133474382501,3,0.019752436560379998,1
ACI,CACI,0.10244099372274058,11,0.13631517087750564,1
ACI,AZI,0.014002640790394216,11,-0.18327711376472697,1
ACI,ACN,0.08110613102508898,11,0.02996827583883275,1
ACI,AYI,0.08168008757047573,11,0.5061015399240572,1
ACI,CCI,0.23929642534249246,11,0.4971385614487723,1
ACI,SCI,0.17849978569153996,11,0.3228831056898213,1
ACI,ACIU,-0.10175022704773753,11,-0.41359703927077146,1
ACI,ACP,0.030908176568063814,11,-0.5908046648751057,1
ACI,AEI,0.021762326371608017,11,-0.18921824259587292,1
FAST,FAS,0.5344601462491079,13,0.23942872470861673,1
FAST,FRST,0.3711611122029307,13,0.2142196276994753,1
FAST,FMST,0.09446090547935221,13,-0.4359124487721271,1
FAST,FAT,0.1775867228151978,13,-0.08178157427801565,1
FAST,FACT,0.007636856270520958,13,0.2299591789347589,1
BKLN,BRLN,0.47183074245161677,18,0.601057684308361,1
BKLN,BKN,0.34925345368849653,18,0.561911540728981,1
BKLN,BLLN,0.19848288337802691,1,,1
BKLN,BKLC,0.7922779824304653,18,0.9509052687328535,1
SCHG,SCHH,0.4473351336041617,16,0.6606157887747994,1
SCHG,SHG,0.45849813423064023,16,0.7498666080226789,1
SCHG,SCHV,0.7629039613353836,16,0.8814536661761054,1
SCHG,SCHQ,0.001702231520482184,16,-0.2563903908995043,1
SCHG,SCHC,0.7061609561199963,16,0.7578653705388992,1
SCHG,SCHD,0.5747357643809993,16,0.7780411631752217,1
SCHG,SCHJ,0.08719082631847322,16,-0.11953036767823853,1
SCHG,SCCG,-0.01197585755880489,16,0.5607380785090225,1
SCHG,SCHB,0.9690505581181623,16,0.9754363447984867,1
SCHG,SCHP,-0.016285860254923568,16,0.10730559724714282,1
SCHG,SCHZ,0.015811005681290406,16,-0.1158198160909579,1
SCHG,XCHG,0.9823455906144357,0,,1
SCHG,SCHW,0.6195136001812435,16,0.8699451510633853,1
SCHG,SCHL,0.15776504708170436,16,0.053908430522358566,1
SCHG,SCHM,0.8492815785971459,16,0.9103656503920897,1
SCHG,SCHF,0.7378667446122907,16,0.7957620526795518,1
SCHG,SCHX,0.9715162737147741,16,0.9775080256985791,1
SCHG,SFHG,0.12243752089037463,16,-0.17165658130313474,1
SCHG,SCHI,0.191786675605415,16,-0.009701299657712999,1
SCHG,SCHA,0.8370882326484711,16,0.8658383585607369,1
SCHG,SCHY,0.429483222194635,16,0.6354923742238046,1
SCHG,SCHO,-0.3240549102197651,16,-0.28728127402945053,1
SCHG,SCHR,-0.2122210251090581,16,-0.2499510971608886,1
SCHG,SCHK,0.9716297264960844,16,0.9795600102719728,1
SCHG,SCHE,0.7318732302305692,16,0.698649453129038,1
SCHG,SCAG,0.17862204734541254,10,0.4854720440633917,1
GIS,FIS,0.274625141400298,18,0.27532337016134495,1
GIS,GFS,0.05112161531023236,18,-0.05898516834531718,1
GIS,GIB,0.27878226245558685,18,0.3211367641792711,1
GIS,GS,-0.032896738699145195,18,-0.4233563781152623,1
GIS,GJS,-0.11216802009042598,18,-0.3238799091403065,1
GIS,GNS,-0.0322607546971333,18,-0.3057863484355829,1
GIS,GIW,-0.13926977995204257,2,-0.9999999999999999,1
GIS,DIS,0.10293635968727748,18,0.13523952035671555,1
GIS,OIS,-0.03719316643468206,18,-0.1457870916548963,1
GIS,VIS,0.09657693671169298,18,-0.069028177396611,1
GIS,BIS,-0.2807258356188089,18,-0.08924674901537547,1
GIS,GIC,0.15312885738236454,18,0.31008497143205266,1
GIS,GDS,-0.039288827854608015,18,-0.22111759963407313,1
GIS,GII,0.20413687140341824,18,0.29256997143291025,1
GIS,QIS,0.15793607183793562,18,-0.3892714523633903,1
GIS,EIS,-0.01483291428973372,18,-0.17601621614918053,1
GIS,UIS,0.007544653334435417,18,-0.1562252883743794,1
GIS,GES,0.1570856881181783,18,0.10226473538626657,1
GIS,GITS,0.09684656438017573,18,0.1001234660836518,1
GIS,GIG,-0.017312960851332968,18,0.3022005886144451,1
GIS,AIS,-0.2092781001425516,18,-0.4881663425193066,1
GIS,GIL,0.16066404353183636,18,0.018998620440738752,1
DVN,DVY,0.6111998326897833,9,0.8789693122190457,1
DVN,DAN,0.45792471178532557,9,0.6341779472492473,1
DVN,DVA,0.20244300161285467,9,0.10408501286711395,1
DVN,DVDN,0.4554271709866112,9,0.8962829948204409,1
DVN,DVND,0.6109718285556968,9,0.8345745853692694,1
DVN,DIVN,0.4622492483896993,4,0.005390013086401883,1
DVN,DRVN,0.20996224950289497,9,0.43848800420482714,1
DVN,DIN,0.32880076078275355,9,0.6427272556178489,1
DVN,EVN,0.23480472202722313,9,0.7212468623067444,1
DVN,DON,0.6437338070699921,9,0.8857962669137436,1
DVN,DYN,0.20020876304027538,9,0.49420907893177146,1
DVN,DVIN,0.17590075696612814,3,-0.018832100015466795,1
DVN,BVN,0.15835600915824233,9,0.4687729612606917,1
DVN,DNN,0.15931158387571492,9,0.17107995459107236,1
DVN,DRN,0.4337108032303778,9,0.8514869809599468,1
DVN,DV,0.15200189281553914,9,0.374009481673472,1
DVN,FVN,-0.021178011676882248,9,-0.11173260953642149,1
DVN,DVS,0.07417818726514461,9,0.3426906373280534,1
DVN,DLN,0.6089082685013872,9,0.8036386134003579,1
XEL,TEL,0.106633106453627,14,-0.20729497263998198,1
XEL,XPEL,-0.0020352376329490097,14,-0.09239177856872866,1
XEL,XPL,0.06064643230909143,14,0.12629202659758884,1
XEL,VEL,0.18678086605516053,14,0.2848324395724642,1
XEL,XELB,-0.010898301343191748,14,0.12473266979142696,1
XEL,XES,0.12069442145527337,14,0.35862876877292993,1
XEL,GEL,0.21327679624869372,14,0.4745500071025061,1
XEL,EL,0.12370779839057709,14,-0.4992606935044185,1
XEL,XTL,0.09470507235609506,14,-0.32123109238150516,1
XEL,EXEL,0.136124870770337,14,-0.5007177418815747,1
XEL,XLE,0.2258139379614292,14,0.549971992956803,1
XEL,XYL,0.21107699383052753,14,-0.24687962679624653,1
XEL,XWEL,0.02494914422742467,14,-0.00870520256250009,1
XEL,XEML,0.9980139238231569,0,,1
BAX,BAP,0.14745615542818402,12,0.27824614270902387,1
BAX,BABX,0.18254267706823205,12,0.31614683510180824,1
BAX,BA,0.30398415444185445,12,0.5175622856102097,1
BAX,BANX,0.23200843721244604,12,0.3318612273408887,1
BAX,BAH,0.13442708238800755,12,-0.28921937722902463,1
BAX,BSX,0.30219051082310605,12,0.48257826656411407,1
BAX,BDX,0.448698899154226,12,0.6871465838041932,1
BAX,BGX,0.28122781255441714,12,0.368486742876981,1
BAX,BMAX,0.2785732641646482,8,0.6648018002793993,1
BAX,BOX,0.15054719414267398,12,0.3337939086448436,1
BAX,TAX,0.38100139034037533,12,0.47547602667577654,1
BAX,BAB,0.11368144677391971,12,-0.20299673439012983,1
BAX,MAX,0.09829609577763336,12,-0.2044117057341448,1
BAX,DAX,0.39349754105525425,12,0.4900326274086612,1
BAX,BAM,0.24347669628295276,12,0.46225833525299703,1
BAX,BAC,0.2817328314877611,12,0.2816045644044486,1
BAX,BAK,0.2389163574752838,12,0.4291139183525638,1
BAX,BCAX,0.2270363552450947,12,0.3821405958221878,1
BAX,BCX,0.3642348215235414,12,0.4106866714489285,1
BAX,BAR,-0.02688889645936528,12,-0.01749277134305912,1
BAX,BLX,0.22711572143881417,12,0.3494235546939424,1
BAX,AX,0.2879490970239286,12,0.17819042554242975,1
BAX,BX,0.35304054504542404,12,0.4500244777156256,1
BAX,BBAX,0.413807016083935,12,0.4640874577603716,1
BAX,BAI,0.14730416969760798,12,0.40631796810313825,1
BAX,BTX,0.23629004260749653,12,0.27598916825953573,1
BAX,BWX,0.008576269654714008,12,-0.10435482550320814,1
BAX,BRX,0.42300206694684195,12,0.59392822763467,1
BAX,PAX,0.2788645982042106,12,0.39672890318012605,1
BAX,BEX,-0.20511768292961416,1,,1
BAX,FAX,0.2615927903261268,12,0.18603163465290729,1
PM,PY,0.0762251296842788,13,-0.4442175494114353,1
PM,APM,0.05935996692207879,13,0.37898563842512767,1
PM,PML,0.16955211208386098,13,0.009695847813028312,1
PM,EM,-0.014680397477074501,13,-0.125626012915493,1
PM,PDM,0.06255229162475481,13,-0.24750307006369693,1
PM,TM,0.04449387110804837,13,-0.3632672351745404,1
PM,PD,-0.010477115081574048,13,-0.10115002242948178,1
PM,PHM,-0.15801611019684741,13,-0.6046198800425888,1
PM,PK,-0.06561036994049894,13,-0.42556739133000954,1
PM,WPM,0.2377804423612714,13,0.03587052072704193,1
PM,M,-0.17367536784072798,13,-0.39369450049321064,1
PM,PH,-0.005083747846912941,13,-0.21259524655310783,1
PM,RPM,0.049626564567578434,13,-0.14968758999914916,1
PM,RM,-0.03194846226443591,13,-0.3078382833004791,1
PM,PRM,-0.017565827887382743,13,0.3404011303869588,1
PM,PC,-0.07241136505254668,13,0.05704878266619287,1
PM,GM,0.051066950963242035,13,0.05808558810443745,1
PM,PMM,0.14116367471725438,13,0.13244614625366796,1
PM,PAM,0.016877281770742297,13,0.3117424462473169,1
PM,PG,0.2858052360138005,13,-0.23885990899000575,1
PM,WM,0.4276837030536093,13,-0.02852891359259158,1
PM,PMN,0.07357602986309177,13,0.6288180261293801,1
PM,PW,-0.06706550169614192,13,-0.21393319903615418,1
PM,PIM,0.15808206255210658,13,0.510621861122511,1
PM,PN,-0.07420423768112296,10,-0.7179003761978945,1
PM,PBM,-0.10473051444035876,13,-0.5509348224436483,1
PM,PMO,0.17599970674855583,13,0.06837764204760004,1
PM,OM,-0.07930210718919886,13,-0.48764850910632623,1
PM,JPM,0.14759450778715286,13,0.38045258351354083,1
PM,POM,-0.04651595256685451,2,-0.9999999999999998,1
PM,PX,0.001948193065960143,13,-0.3865412924816559,1
PM,PMT,0.14398859098480604,13,-0.16585457790769703,1
PM,AM,0.1628684343269616,13,-0.16814201274688295,1
PM,ZM,0.022611811790907294,13,-0.12453054210838958,1
PM,MP,0.04145660648242763,13,0.18612231864236956,1
PM,SM,-0.06992936075160598,13,-0.274956915050828,1
PM,PB,-0.0006996768618085517,13,-0.07911239605570629,1
PM,PI,-0.1579283853546317,13,-0.6495178346332688,1
PM,PFM,0.17616365506141787,13,-0.17456433429863263,1
PM,PMI,-0.09007189046082126,4,-0.7753898200652362,1
PM,PCM,0.06444306759380217,13,-0.139513312374114,1
PM,CM,0.10071582405651422,13,-0.09191923102654745,1
PM,PL,0.05371272018246505,13,0.11473465460436374,1
PM,PT,0.0006009664722861897,13,-0.03640571205777645,1
PM,EPM,-0.04269940829569127,13,-0.4516394402540639,1
PM,PR,-0.03908225723311386,13,-0.3487601734899435,1
PM,IPM,-0.023323574123527403,13,-0.40537568679472286,1
ETH,ETJ,0.2994597337818423,16,0.33828153590203386,1
ETH,ETHZ,0.1920973728358984,16,0.02711084267493379,1
ETH,ETX,0.06585029024831361,16,-0.06398263281489056,1
ETH,ETU,0.9994608161857441,16,0.9999336453869702,1
ETH,ETHW,0.9997166458506849,16,0.9999707782158112,1
ETH,ETV,0.390953146913543,16,0.4938535438543914,1
ETH,EHTH,0.17540673329763676,16,0.20028269104225027,1
ETH,BETH,0.872523851465735,16,0.9216209025463107,1
ETH,QETH,0.9995618409118565,16,0.999973941978139,1
ETH,EWH,0.40843837989630405,16,0.608698767592709,1
ETH,FETH,0.9998347021601516,16,0.9999605230127203,1
ETH,ETHD,-0.9994153835052125,16,-0.9998774790221535,1
ETH,ETR,0.12269519515778558,16,-0.11986140344413115,1
ETH,AETH,0.6399092517931401,16,0.774412965511347,1
ETH,EVH,0.052235902402660093,16,0.4567335228160554,1
ETH,ETHT,0.9995960134628056,16,0.9999589080272859,1
ETH,ETG,0.4182464121274855,16,0.535437520533492,1
ETH,ETW,0.3933434961157032,16,0.5074129114503154,1
ETH,ERH,0.1326222657548878,16,0.3924656605049709,1
ETH,KTH,-0.03175403870616568,16,-0.38563932980427396,1
ETH,ETHE,0.9998355807538354,16,0.999979778434118,1
ETH,HTH,0.2512857833737249,16,0.5785525120362477,1
ETH,ECH,0.3595705023270079,16,0.5793053011448619,1
ETH,EH,0.3064647596079899,16,0.5972179124724025,1
ETH,YETH,0.9121859771975029,16,0.9172634083374599,1
ETH,PTH,0.3060251331721114,16,0.3057979082014963,1
ETH,LTH,0.12687895724796724,16,0.0907771489585289,1
ETH,RTH,0.2976149014876509,16,0.4106063590842233,1
ETH,SETH,-0.9991664490964198,16,-0.999871041579655,1
ETH,ETB,0.4092005447547753,16,0.5505142833930178,1
ETH,ETHA,0.9997854191556818,16,0.9999544669481066,1
ETH,ETHI,0.9911673947845918,1,,1
ETH,OTH,0.28489723421487206,0,,1
ETH,ET,0.27203305780575515,16,0.5447629116811397,1
ETH,ETO,0.41195037810142154,16,0.5877497946095411,1
ETH,IETH,0.9605640383835612,1,,1
ETH,ETS,-0.22999477907737229,5,0.896876781986599,1
ETH,WETH,0.08764921842180651,16,0.06001971866394761,1
ETH,ETY,0.4086754975836364,16,0.4815414386359573,1
ETH,ETN,0.3824292499419673,16,0.5149706011820206,1
ETH,ETHO,0.5021570213997476,16,0.642804203955597,1
ETH,ETHU,0.999678186135501,16,0.9999348384174034,1
ETH,EQH,0.3208486350510228,16,0.5100124941103453,1
ETH,ERTH,0.5449241371292379,16,0.6955290161350388,1
ETH,ETD,0.31594592878906347,16,0.7626907803702685,1
ETH,TETH,0.9997878910686551,16,0.9999726050094369,1
ETH,TH,0.12987836312108134,16,0.6487682138774913,1
ETH,MTH,0.3162249342721582,16,0.6491190422124334,1
ETH,EJH,0.01725079911512641,16,-0.2966679246879717,1
ETH,ETHV,0.9998208861556435,16,0.9999618109038805,1
ETH,EETH,0.999567098194934,16,0.9998990688678788,1
ETH,ETQ,-0.9991922196354859,16,-0.9999026554616898,1
ETH,ETHM,0.20214440856732263,16,0.4208603969937263,1
ETH,DTH,0.29428126950348676,16,0.5675034161314044,1
OSCR,OSUR,0.15624908676713214,14,0.30269010374730115,1
OSCR,OSCV,0.22600755559649577,14,-0.3564945884490208,1
OSCR,OSCG,0.9493746333192921,0,,1
OSCR,BSCR,0.09185434016731368,14,-0.1035898980951664,1
OSCR,OSCX,0.9988912049384217,3,0.9998778106704209,1
OSCR,NSCR,0.24390826911492047,14,-0.13034063138266033,1
COIN,COHN,0.07515701659210769,12,0.3557896980840021,1
COIN,COII,0.9678620298894173,3,0.9973393465520415,1
COIN,COIG,0.9994670741539831,9,0.9996758155748862,1
COIN,COIW,0.9964513584968437,10,0.9995750523609894,1
COIN,COIO,0.9874441350739753,2,1.0,1
COIN,CION,0.2887150547101899,12,0.40566675597125906,1
COIN,CORN,0.05458668309809446,12,0.15529917151139502,1
COIN,COIA,0.9949907338189853,0,,1
COIN,CONI,-0.9584971177646097,12,-0.964526881353131,1
COIN,CON,0.14744846236493986,12,0.3192079248331913,1
MSTZ,MST,-0.9928163470686036,4,-0.9928382276832699,1
MSTZ,STZ,-0.1339155566256589,14,-0.481820524173709,1
MSTZ,MSTI,-0.14844841364623276,14,-0.23489581309138957,1
MSTZ,MSTU,-0.9990092813700719,14,-0.9995952428147404,1
MSTZ,MSTK,-0.9839956811149567,0,,1
MSTZ,MSTX,-0.9993472160492289,14,-0.999802188906508,1
MSTZ,MSTQ,-0.5428136091629084,14,-0.7368283904025577,1
MSTZ,MSTP,-0.9971907071132519,3,-0.9840512233790448,1
MSTZ,MSTB,-0.43143235125547874,14,-0.5796289636605406,1
MSTZ,MSTW,-0.9966455816982551,2,-1.0,1
MSTZ,BSTZ,-0.49325142311164316,14,-0.747503098616755,1
MSTZ,MSTY,-0.9861498514588332,14,-0.9903685866196869,1
MSTZ,MTZ,-0.4577718987573391,14,-0.528516559104731,1
MSTZ,MSTR,-0.9992945386722042,14,-0.9997834813348461,1
SCHF,SCHH,0.6777307705476787,17,0.8763534089098355,1
SCHF,SCHV,0.8110708437445349,17,0.9177760595239869,1
SCHF,SCHQ,0.13341656162939203,17,0.043222952086243445,1
SCHF,SCHC,0.953546835433522,17,0.9828500826710604,1
SCHF,SCHD,0.6893485936741486,17,0.8907363378360135,1
SCHF,SCHJ,0.298332077620643,17,0.31583989439156224,1
SCHF,SCHB,0.811500519241723,17,0.9180026096592935,1
SCHF,SCHP,0.15704042029495943,17,0.5103110511293836,1
SCHF,SCHZ,0.201505742822929,17,0.2651116636215557,1
SCHF,SCHG,0.7378667446122907,17,0.8640922241169156,1
SCHF,SCHW,0.5516190270698503,17,0.7605555572584016,1
SCHF,SCHL,0.23295329483884947,17,0.11129538945689005,1
SCHF,SCHM,0.7851481289686693,17,0.8818904722881318,1
SCHF,SCHX,0.8050547496895974,17,0.9133535123973118,1
SCHF,SCHI,0.3590532250127522,17,0.36706221710478903,1
SCHF,SCHA,0.7679078073147019,17,0.8189165579710512,1
SCHF,SCHY,0.8596522709032839,17,0.9527989884359981,1
SCHF,SCHO,-0.10299776625302454,17,0.05379180240864745,1
SCHF,SCHR,-0.002144761226381568,17,0.0952916344605041,1
SCHF,SCHK,0.8075076745415788,17,0.9105998891746961,1
SCHF,SCHE,0.8166972570467278,17,0.9184609185731314,1
SCHF,SCCF,0.10595187757394704,17,0.5616475769308857,1
PAAS,PAA,0.14865154852498022,9,0.18873281376714968,1
PAAS,PAAA,0.10190611783370047,9,0.4349948384376169,1
PAAS,POAS,-0.2830892824055963,0,,1
PAAS,YAAS,-0.06668793096117938,9,-0.38471622405348144,1
PAAS,NAAS,0.04372004903031282,9,-0.3347275582848301,1
PAAS,PACS,-0.06402997556007549,9,-0.347780100991777,1
PAAS,PAXS,0.16510862939135634,9,0.35763854706456316,1
PAAS,PAGS,0.1758088180040021,9,0.48721070696946894,1
PAAS,PAYS,0.14509964775567288,9,0.1002664932029681,1
PAAS,PAVS,0.01642062910632424,9,-0.03173690598720817,1
PAAS,MAAS,0.05450108898289264,9,0.41400350015197906,1
PAAS,CAAS,0.14901256638398117,9,0.29594725341049843,1
CRCG,CCG,0.20453449286951453,10,0.5815827490661185,1
CRCG,CRWG,0.4103595993407923,10,-0.02564150585168639,1
CRCG,RCG,0.08212257067676214,10,0.3408876249687466,1
CRCG,CRCA,0.9994415545374677,10,0.9999649291240406,1
CRCG,CRCL,0.9992127279322454,10,0.9997810228231497,1
CRCG,CRMG,0.31882707928262816,10,0.533437969909753,1
CRCG,CRC,0.034587506681665874,10,0.02531159641657571,1
CRCG,CRBG,0.2824681602746498,10,0.5015331689811203,1
CRCG,CREG,0.11752691534498123,10,0.29057886342088834,1
CRCG,CLCG,0.4378854124939713,10,0.4893861969899848,1
CRCG,CRCO,0.969734696857763,3,0.9557624580484543,1
CRCG,CRCT,0.22254724123110065,10,0.5330005860306466,1
CRCG,CNCG,-0.29593646753130753,0,,1
CRCG,CRCD,-0.9976766096133914,3,-0.9999808241619796,1
AGG,AMG,0.0530404052689783,12,0.016826481201112745,1
AGG,AGH,0.02893199019136458,11,0.432350666921616,1
AGG,AGGH,0.764014241478963,12,0.8865227448814883,1
AGG,AVGG,0.20667347171070372,6,-0.42140341464760417,1
AGG,AGGY,0.9406260097512524,12,0.9845763971476403,1
AGG,ALG,0.09636625089745915,12,0.2564566763557464,1
AGG,EGG,-0.05068636907567965,4,0.3279396452644183,1
AGG,AGQ,-0.07128811863185655,12,-0.2750701815279969,1
AGG,AGI,0.05128649783502627,12,-0.19284188389390103,1
AGG,AIG,0.08640896062200747,12,0.20365057653707064,1
AGG,AGGS,0.9208511248996559,12,0.9819230664103713,1
AGG,IAGG,0.7233690304238518,12,0.8360699822364558,1
AGG,GGG,0.15575203437212065,12,0.24908144267149399,1
AGG,AGZ,0.8048787881112276,12,0.939754709266882,1
AGG,TAGG,0.879670301882781,12,0.7500745330212468,1
AGG,AGD,0.12143000624841883,12,0.2786054428902216,1
AGG,AEG,0.012946193174710947,12,-0.005454078388240151,1
AGG,AXG,-0.003891747673799591,12,0.5690105625795178,1
AGG,AGX,-0.028465584532381665,12,-0.5718504963086493,1
AGG,AGIG,-0.0493519011320122,12,-0.004475591381488027,1
AGG,AGGA,0.8947228299395247,8,0.8048339736401687,1
AGG,AG,0.009542239046879387,12,-0.08159604715801294,1
AGG,XAGG,0.6412873045551416,0,,1
AGG,AGL,-0.11774318912943203,12,-0.34681234758373597,1
AGG,AGO,0.13300454864500869,12,0.3512275735413985,1
AGG,AHG,0.15492933917203136,12,0.11134034862016604,1
AGG,NGG,0.44091234612087926,12,0.5692467073535553,1
AGG,MAGG,0.8061162453449239,12,0.9197102875510769,1
AGG,ASG,0.045974601806207674,12,-0.06655697389564415,1
AGG,APG,-0.002776907816894392,12,-0.03491148572854355,1
AGG,EAGG,0.987714927133314,12,0.9952867232453219,1
AGG,AFG,0.14417855805668953,12,0.38361913364349176,1
AGG,ABG,0.04163874045219048,12,-0.3128540023441947,1
AGG,AJG,0.07019463040847491,12,0.272722358446388,1
AGG,AGNG,0.27248047716635804,12,0.11104293749596816,1
AGG,AGM,0.1462913178169222,12,0.44507481136883814,1
APH,APO,0.5352399897056743,14,0.6389292202099972,1
APH,TPH,0.0474921018106143,14,-0.548624133037098,1
APH,AGH,0.01475170433738429,13,-0.14928538053346338,1
APH,APM,0.07669655009367954,14,0.23497578216197487,1
APH,API,0.22932649683485967,14,0.2723620033972926,1
APH,ALH,0.09111429913691589,3,0.009712672294713363,1
APH,AMPH,0.14966612841161692,14,0.23898025877348034,1
APH,PH,0.5615805979527173,14,0.5875849934431175,1
APH,AHH,0.16762156200052789,14,-0.3781291175208428,1
APH,FPH,0.06402853835267724,14,0.13890321966467517,1
APH,AUPH,0.15807006922950975,14,0.5438146892440622,1
APH,ASH,0.19696964023594196,14,0.41253769902767085,1
APH,PPH,0.15082812986967334,14,0.2678807181154221,1
APH,APT,0.2316782852955161,14,0.46774912077039227,1
APH,SPH,0.17122494086747703,14,0.6005696917450847,1
APH,APD,0.2513172870103835,14,0.24227329491176214,1
APH,SAPH,0.45052648914231486,14,0.5861963368943715,1
APH,XPH,0.3249590909177989,14,0.4499901153027622,1
APH,AP,0.16478757017296386,14,0.3828784789932249,1
APH,APG,0.5679686620245632,14,0.4842321339060743,1
APH,AMH,0.10894414048004807,14,0.1884750943498579,1
APH,APP,0.4521898798003978,14,0.8365500988327126,1
APH,APA,0.3453290162258066,14,0.4422618404300101,1
APH,APRH,0.48710654006511134,14,0.5274118808935002,1
APH,BPH,0.1743935074193395,14,0.06606052594748109,1
PACB,PAB,-0.041837593913514264,17,0.11497592778733845,1
PACB,PCB,0.23172073302342625,17,0.36425481560331463,1
PACB,AACB,-0.14918633013543445,13,-0.07222516781015059,1
PACB,APCB,-0.010268766158659135,17,0.13177345038896926,1
PACB,ACB,0.24597629395140228,17,-0.15632821423392448,1
PACB,PACH,-0.12364191929371884,7,-0.05688412932877549,1
PACB,PACS,0.08754845973172852,17,-0.19269964743032392,1
PACB,PICB,-0.013280260328235552,17,0.07921162423725006,1
PACB,PACK,0.24301744372532227,17,0.479755163422176,1
PACB,PMCB,0.0813018845421938,17,0.0989967844622696,1
PACB,PAC,0.00936871944024748,17,0.19452319340532132,1
PACB,PPCB,-0.03422406283701405,17,0.35256065982365153,1
CCC,CAC,0.31755272676103896,11,0.32388669082525035,1
CCC,SCC,-0.45747739837654156,11,-0.208504614848439,1
CCC,CCG,-0.08033706933660259,11,-0.0831894103968862,1
CCC,CGC,0.25685036055519733,11,0.8010884898162346,1
CCC,CCJ,0.1681547051504204,11,-0.2527612077773787,1
CCC,ECCC,0.035441950322777964,11,0.11867323251235182,1
CCC,BCCC,0.27164637842109773,6,0.07906816942045101,1
CCC,ICCC,-0.011948147805762999,11,-0.14720272020302663,1
CCC,CMC,0.44999001452286563,11,-0.012174446604256263,1
CCC,CCO,0.27714566523766343,11,0.20883202846346874,1
CCC,GCC,0.05835799971868715,11,-0.23391376675775527,1
CCC,RCC,0.11816652357835611,11,-0.41345903029005865,1
CCC,CCU,0.1826051441961896,11,0.2805400811011529,1
CCC,OCC,0.1410589597980051,11,-0.04217226280559808,1
CCC,UCC,0.45548197859918543,11,0.1728093141146937,1
CCC,WCC,0.34885951802750453,11,-0.3110039678517694,1
CCC,CRC,0.25260487845324753,11,0.1310952996032769,1
CCC,HCC,0.10803716077799129,11,-0.1964327938556638,1
CCC,ECC,0.23877981991166947,11,-0.11273893167643849,1
CCC,CDC,0.4052494920036808,11,0.16084381333877837,1
CCC,CCS,0.33083101542043053,11,0.3398184240002626,1
CCC,CACC,0.2677339054952542,11,-0.06896865863056874,1
CCC,CCZ,-0.029238802254030954,11,-0.2114251095394795,1
CCC,CCL,0.39617382528539213,11,0.06928140494653418,1
CCC,CNC,0.03866060668512758,11,0.17339049737192663,1
CCC,CBC,0.11227786326420591,0,,1
CCC,CCB,0.27774115290034407,11,-0.3278703410401226,1
CCC,CCM,0.07603719313360136,11,0.1713792469909659,1
CCC,XCCC,0.3590824838828883,11,-0.0004306681630526022,1
CCC,CCD,0.3135614263263401,11,-0.07135896870725977,1
CCC,CCEC,0.06410312867668123,11,0.11361695818597825,1
CCC,CCCX,0.23024587377141342,6,0.3519805832930818,1
CCC,BCC,0.4500894316799926,11,0.4498938444280785,1
CCC,CCCC,0.14781938727059424,11,0.19234653007266334,1
CCC,CCI,0.07426693817770154,11,0.07093059652924981,1
CCC,CCK,0.30055764087779985,11,0.19047065189051457,1
CCC,LCCC,0.05767176598576989,6,0.14230617861200287,1
CCC,CC,0.4129135169414959,11,0.3562185845151944,1
INVZ,INVG,0.18891663416244273,6,0.3921808020187578,1
INVZ,INVH,0.07138355780884029,15,-0.21653626955024474,1
INVZ,INVE,0.18508764874228575,15,-0.08561018950578389,1
INVZ,IDVZ,0.24377521019413448,15,-0.32943889409845223,1
INVZ,INTZ,0.1589354433628681,15,0.5313573321202204,1
INVZ,INVZW,,0,,1
INVZ,IVZ,0.3571691722697712,15,0.17360676194241959,1
INVZ,INVN,0.3345698505322594,15,0.14840430007971758,1
INVZ,INVX,0.14121871820177964,15,-0.6823554142521143,1
INVZ,INVA,0.003658079559976657,15,0.03501061188984648,1
INVZ,INV,0.1719479284391506,15,0.6702229108367086,1
VXX,VVX,-0.3654756680116067,12,-0.5554017805026852,1
VXX,JXX,-0.7935712030029511,9,-0.9384050664776165,1
VXX,VYX,-0.5924777035563608,12,-0.8875406594299566,1
VXX,VOX,-0.7917830513721461,12,-0.9420613184193221,1
VXX,VXF,-0.8638268995818259,12,-0.9680390525111129,1
VXX,VXZ,0.9323358051963675,12,0.9705723331156952,1
VXX,AVXX,-0.2987673370793361,1,,1
BABA,BABX,0.9997669265966028,13,0.9998832627216386,1
BABA,BAYA,-0.023990102681555395,13,-0.3715763108518006,1
BABA,BAMA,0.3437908731743239,13,0.3989061363166075,1
BABA,BABO,0.9782224817555393,13,0.99145712671344,1
BABA,BAB,0.029133065505854802,13,-0.12765379067762186,1
BABA,QABA,0.14149210861124695,13,0.19971941298345497,1
BABA,CABA,0.06794849808957293,13,-0.11202475426654245,1
BABA,BABW,0.998130542350296,0,,1
BABA,SABA,0.17528635201625123,13,0.532615640066115,1
WMB,WMT,0.2089582367518209,13,0.7186002802307868,1
WMB,KMB,0.007220766253037975,13,0.7972025620717448,1
WMB,WB,0.09709865307798582,13,0.562269702407818,1
WMB,FMB,-0.04477875839882683,13,-0.0646857471653834,1
WMB,WM,0.24082545039594966,13,0.5478066728850899,1
WMB,WAB,0.3965709263321669,13,0.6758949850678375,1
WMB,EMB,0.3331386466012951,13,0.7205883765191518,1
WMB,DMB,0.16488660361464275,13,0.44458923085072133,1
WMB,WMG,0.10932866945055986,13,0.6594464282308008,1
WMB,MB,-0.07727581696875294,10,0.517870519820184,1
WMB,WMK,0.06427265805188895,13,0.5443611200203066,1
WMB,WRB,0.21362210354693265,13,0.5951762233921604,1
WMB,LMB,0.2946663012552859,13,0.5865327215541908,1
WMB,WMSB,-0.10484783543432574,1,,1
WMB,WMS,0.05640711637893925,13,0.4719173083858101,1
WMB,TMB,0.1244658005218395,13,0.508843437692813,1
WMB,SMB,-0.012915721798178206,13,-0.2478317877437831,1
WMB,NMB,0.12501078937380875,13,0.12477657715241786,1
ORLY,RLY,0.1744082021470403,12,0.2562185419103632,1
ORLY,OTLY,0.1204507656925595,12,0.16149638977750974,1
ORLY,OVLY,0.12445969912818917,12,-0.825585710235175,1
ORLY,ORLA,0.05888292198611084,12,-0.14768730243250652,1
AES,LAES,0.12909787864760874,15,0.04343395889982164,1
AES,AER,0.30661575560988047,15,0.3203787607021021,1
AES,XES,0.35504813481657466,15,0.26373008473407134,1
AES,AVS,-0.28494498161347853,15,-0.3021494777812043,1
AES,AEO,0.1819481074659981,15,-0.029939748623900326,1
AES,AMS,-0.07239118853131021,15,-0.3615896933559673,1
AES,AXS,0.17457447408269394,15,0.17324112278105006,1
AES,DES,0.39416373739930766,15,0.3741430146309745,1
AES,AEF,0.25365494935895316,15,0.03301909652932802,1
AES,AEP,0.11559543186665631,15,0.2338582246417397,1
AES,ATS,0.3065718636636372,15,0.36084232662083915,1
AES,AEG,0.2080788963111885,15,0.18493198759880028,1
AES,AEIS,0.3508420160762455,15,0.31326078295292453,1
AES,AEC,0.027413049404007243,15,-0.04059194594668668,1
AES,AOS,0.2545756608424411,15,0.38074478126465927,1
AES,WES,0.3463908184026926,15,0.31134810079226904,1
AES,AEE,0.1969836386078409,15,0.1912954152901513,1
AES,EES,0.39343644287066915,15,0.37285152599929744,1
AES,AS,0.2806249954684434,15,0.042817177383525244,1
AES,AVES,0.35966842646841773,15,0.20247207029769904,1
AES,AEM,0.10426739731838491,15,-0.03272854133209504,1
AES,RES,0.22239792486469334,15,-0.04078201618182423,1
AES,SES,0.24051631467548468,15,0.06151075020600719,1
AES,AESI,0.24296157433030582,15,0.17073383853238494,1
AES,AESR,0.32008512626621916,15,0.42665495000322573,1
AES,GES,0.2261021554710788,15,0.1810732815726993,1
AES,ACES,0.5597849283024922,15,0.6726724899134373,1
AES,ES,0.2535244361000638,15,0.22138659282681056,1
AES,AEMS,0.2234104475100738,4,0.08761865888594135,1
AES,ARES,0.27171198580222417,15,0.21627801080240797,1
AES,AIS,0.3546769788420016,15,0.37183778002268497,1
AES,AEI,0.03959157169258805,15,0.08824685819382377,1
NAK,NOK,0.0944753528543178,17,0.0007162055967194226,1
NAK,BAK,0.14874136109999433,17,0.33692612450563847,1
NAK,NAC,0.14916079430969173,17,0.17947149510904908,1
NAK,NRK,0.0657718418940186,17,0.1050311484845099,1
NAK,DAK,0.32470960902468415,7,0.3887146821830687,1
NAK,NAT,-0.0010325419715139497,17,0.030886245024427446,1
NAK,NAZ,-0.0024070355512386885,17,-0.17156600613017783,1
NAK,NAD,0.16008369781871917,17,0.2917270703647579,1
NAK,TAK,0.012690564346582979,17,-0.04916809073334193,1
NAK,NPK,0.013880620594701446,17,-0.2927578796218352,1
NAK,NAN,0.15671371538452586,17,0.4967715372026664,1
NAK,NAKA,0.0206163904692676,17,0.25523734373547063,1
NAK,IAK,0.10075044842473353,17,-0.2337837361252072,1
ARM,ARP,0.49306269873722935,9,0.8463509470591459,1
ARM,ADM,0.05936648537566,9,0.6438899763648868,1
ARM,ARB,0.24839542539800077,9,0.3079225695329004,1
ARM,APM,0.07752008008602146,9,0.40311209922478364,1
ARM,MRM,0.029535120903903426,9,0.844848044531925,1
ARM,ACM,0.3893287154008363,9,0.6990786277509711,1
ARM,ALM,0.12287408328225122,9,0.48995837787531543,1
ARM,ARMN,0.21136963476237483,9,0.7420787471317086,1
ARM,ARCM,0.0390037690987456,9,-0.12931797079780202,1
ARM,RM,0.2922954893739972,9,0.49801463722505457,1
ARM,PRM,0.1825499620884236,9,0.3239504851934709,1
ARM,ABM,0.2417663716868882,9,0.6395689852308782,1
ARM,MARM,0.4970702941755374,9,0.8253395106099022,1
ARM,AFRM,0.45288127509748405,9,0.7020450412044976,1
ARM,AAM,-0.002399230525627078,9,-0.18526657323870657,1
ARM,ARE,0.21633550135113397,9,0.5670162498994006,1
ARM,ALRM,0.3504416890271453,9,0.6400867287718255,1
ARM,ARI,0.2671739597650239,9,0.6867647102014038,1
ARM,FARM,0.13817180756404218,9,0.3609210418619241,1
ARM,AM,0.25675219593221044,9,0.1438350902241773,1
ARM,ARMK,0.32380655818742005,9,0.7955006666829048,1
ARM,ARMH,0.991707845396254,7,0.9989984788135232,1
ARM,ARMW,0.9888594960136656,2,1.0,1
ARM,ARW,0.526180044578969,9,0.7736184209973029,1
ARM,AEM,0.09594647758447544,9,0.49282364607593554,1
ARM,IRM,0.4494177273912423,9,0.8541238407674274,1
ARM,ASM,0.24227307597336506,9,0.695047842602536,1
ARM,ARX,-0.08604712660211451,4,-0.5951476068164823,1
ARM,ARMG,0.999103129973747,9,0.9998427472337138,1
ARM,ARQ,0.2714860874156194,9,0.7811753564991948,1
ARM,ARL,0.17938960546933433,9,0.4496577403449879,1
ARM,AR,0.36784011523503246,9,0.5402013321010756,1
ARM,VRM,0.14806133783653042,9,0.30061076052712865,1
ARM,ARMU,0.9976063231052594,9,0.9996757273557714,1
ARM,AMR,0.22042614656409407,9,0.4581962288960589,1
ARM,ARR,0.30406589801010986,9,0.5191649118817386,1
ARM,ARMP,-0.023314842637800023,9,-0.6351015651471436,1
ARM,CRM,0.46442404790415626,9,0.6903144298125875,1
ARM,AOM,0.6274944299511676,9,0.8483442748924501,1
ARM,AIM,0.12552324082502475,9,-0.30570135958069555,1
ARM,AGM,0.258630530626524,9,0.6575536895644225,1
JPST,UPST,-0.15262416700940354,12,-0.2667472179007766,1
JPST,JUST,-0.07930571215593296,12,0.30621919861731023,1
JPST,JPSE,-0.015823055129571374,12,0.360788793071651,1
JPST,PST,-0.5253692878944372,12,-0.8122113292723749,1
JPST,TPST,0.040949868392062404,12,0.6796929307630241,1
JPST,DPST,-0.0779304194453767,12,-0.30170006570171304,1
JPST,CPST,-0.0723398944685736,12,-0.09388118830426691,1
JPST,JPSV,0.02471956029139492,12,0.2702863458223133,1
JPST,IPST,-0.04922577933484812,12,0.2548134222679554,1
JPST,JDST,-0.0547327314208601,12,-0.3473702916101768,1
JPST,JMST,0.22666205061898384,12,0.3866346251543484,1
